Position,Name + ID,Name,ID,Roster Position,Salary,Game Info,TeamAbbrev,AvgPointsPerGame
QB,Austin Reed (23740720),Austin Reed,23740720,QB/S-FLEX,9000,APSU@WKU 08/27/2022 12:00PM ET,WKU,33.5
QB,Jordan Travis (23740722),Jordan Travis,23740722,QB/S-FLEX,8800,DUQ@FSU 08/27/2022 05:00PM ET,FSU,22.04
QB,Logan Bonner (23740724),Logan Bonner,23740724,QB/S-FLEX,8600,UCONN@UTST 08/27/2022 04:00PM ET,UTST,21.41
QB,Levi Williams (23740726),Levi Williams,23740726,QB/S-FLEX,8300,UCONN@UTST 08/27/2022 04:00PM ET,UTST,19.35
RB,Calvin Tyler Jr. (23740872),Calvin Tyler Jr.,23740872,RB/FLEX/S-FLEX,8100,UCONN@UTST 08/27/2022 04:00PM ET,UTST,13.12
QB,Darius Ocean (23740728),Darius Ocean,23740728,QB/S-FLEX,8000,APSU@WKU 08/27/2022 12:00PM ET,WKU,0
RB,Chase Brown (23740875),Chase Brown,23740875,RB/FLEX/S-FLEX,7900,WYO@IL 08/27/2022 04:00PM ET,IL,17.07
QB,Tate Rodemaker (23740730),Tate Rodemaker,23740730,QB/S-FLEX,7700,DUQ@FSU 08/27/2022 05:00PM ET,FSU,0.28
WR,Malachi Corley (23741172),Malachi Corley,23741172,WR/FLEX/S-FLEX,7600,APSU@WKU 08/27/2022 12:00PM ET,WKU,13.04
WR,Mycah Pittman (23741175),Mycah Pittman,23741175,WR/FLEX/S-FLEX,7500,DUQ@FSU 08/27/2022 05:00PM ET,FSU,4.53
QB,Doug Brumfield (23740732),Doug Brumfield,23740732,QB/S-FLEX,7400,IDS@UNLV 08/27/2022 03:30PM ET,UNLV,14.23
WR,Isaiah Williams (23741178),Isaiah Williams,23741178,WR/FLEX/S-FLEX,7300,WYO@IL 08/27/2022 04:00PM ET,IL,12.3
QB,Casey Thompson (23740734),Casey Thompson,23740734,QB/S-FLEX,7200,NEB@NW 08/27/2022 12:30PM ET,NEB,18.27
QB,Tommy DeVito (23740736),Tommy DeVito,23740736,QB/S-FLEX,7100,WYO@IL 08/27/2022 04:00PM ET,IL,10.51
RB,Kye Robichaux (23740878),Kye Robichaux,23740878,RB/FLEX/S-FLEX,7000,APSU@WKU 08/27/2022 12:00PM ET,WKU,5.88
WR,Omar Manning (23741181),Omar Manning,23741181,WR/FLEX/S-FLEX,6900,NEB@NW 08/27/2022 12:30PM ET,NEB,6.92
WR,Justin McGriff (23741184),Justin McGriff,23741184,WR/FLEX/S-FLEX,6800,UCONN@UTST 08/27/2022 04:00PM ET,UTST,8.03
RB,Anthony Grant (23740881),Anthony Grant,23740881,RB/FLEX/S-FLEX,6700,NEB@NW 08/27/2022 12:30PM ET,NEB,0
WR,Jaylen Hall (23741187),Jaylen Hall,23741187,WR/FLEX/S-FLEX,6600,APSU@WKU 08/27/2022 12:00PM ET,WKU,12.93
RB,Trey Benson (23740884),Trey Benson,23740884,RB/FLEX/S-FLEX,6500,DUQ@FSU 08/27/2022 05:00PM ET,FSU,4.1
QB,Artur Sitkowski (23740738),Artur Sitkowski,23740738,QB/S-FLEX,6500,WYO@IL 08/27/2022 04:00PM ET,IL,10.25
QB,Cameron Friel (23740740),Cameron Friel,23740740,QB/S-FLEX,6400,IDS@UNLV 08/27/2022 03:30PM ET,UNLV,7.77
RB,Evan Hull (23740887),Evan Hull,23740887,RB/FLEX/S-FLEX,6300,NEB@NW 08/27/2022 12:30PM ET,NW,18.86
WR,Kyle Williams (23741190),Kyle Williams,23741190,WR/FLEX/S-FLEX,6300,IDS@UNLV 08/27/2022 03:30PM ET,UNLV,12.08
WR,Trey Palmer (23741193),Trey Palmer,23741193,WR/FLEX/S-FLEX,6200,NEB@NW 08/27/2022 12:30PM ET,NEB,8.24
RB,Treshaun Ward (23740890),Treshaun Ward,23740890,RB/FLEX/S-FLEX,6100,DUQ@FSU 08/27/2022 05:00PM ET,FSU,9.93
WR,Malik McClain (23741196),Malik McClain,23741196,WR/FLEX/S-FLEX,6100,DUQ@FSU 08/27/2022 05:00PM ET,FSU,4.27
RB,Titus Swen (23740893),Titus Swen,23740893,RB/FLEX/S-FLEX,6000,WYO@IL 08/27/2022 04:00PM ET,WYO,10.3
QB,Logan Smothers (23740742),Logan Smothers,23740742,QB/S-FLEX,6000,NEB@NW 08/27/2022 12:30PM ET,NEB,5.83
WR,Brian Cobbs (23741199),Brian Cobbs,23741199,WR/FLEX/S-FLEX,6000,UCONN@UTST 08/27/2022 04:00PM ET,UTST,4.9
QB,Andrew Peasley (23740744),Andrew Peasley,23740744,QB/S-FLEX,5900,WYO@IL 08/27/2022 04:00PM ET,WYO,5.19
QB,Ryan Hilinski (23740746),Ryan Hilinski,23740746,QB/S-FLEX,5800,NEB@NW 08/27/2022 12:30PM ET,NW,4.94
WR,Joshua Simon (23741202),Joshua Simon,23741202,WR/FLEX/S-FLEX,5800,APSU@WKU 08/27/2022 12:00PM ET,WKU,22.3
RB,Cam Porter (23740896),Cam Porter,23740896,RB/FLEX/S-FLEX,5700,NEB@NW 08/27/2022 12:30PM ET,NW,0
QB,Ta'Quan Roberson (23740748),Ta'Quan Roberson,23740748,QB/S-FLEX,5700,UCONN@UTST 08/27/2022 04:00PM ET,UCONN,2.6
QB,Evan Svoboda (23740750),Evan Svoboda,23740750,QB/S-FLEX,5600,WYO@IL 08/27/2022 04:00PM ET,WYO,0
RB,Nathan Carter (23740899),Nathan Carter,23740899,RB/FLEX/S-FLEX,5600,UCONN@UTST 08/27/2022 04:00PM ET,UCONN,8.96
WR,Michael Mathison (23741205),Michael Mathison,23741205,WR/FLEX/S-FLEX,5600,APSU@WKU 08/27/2022 12:00PM ET,WKU,14.46
QB,Tyler Phommachanh (23740752),Tyler Phommachanh,23740752,QB/S-FLEX,5500,UCONN@UTST 08/27/2022 04:00PM ET,UCONN,12.01
RB,John Gentry (23740902),John Gentry,23740902,RB/FLEX/S-FLEX,5500,UCONN@UTST 08/27/2022 04:00PM ET,UTST,3.18
WR,Josh Sterns (23741208),Josh Sterns,23741208,WR/FLEX/S-FLEX,5500,APSU@WKU 08/27/2022 12:00PM ET,WKU,3.48
WR,Joshua Cobbs (23741211),Joshua Cobbs,23741211,WR/FLEX/S-FLEX,5400,WYO@IL 08/27/2022 04:00PM ET,WYO,5.04
QB,Brendan Sullivan (23740754),Brendan Sullivan,23740754,QB/S-FLEX,5400,NEB@NW 08/27/2022 12:30PM ET,NW,0
RB,Rahmir Johnson (23740905),Rahmir Johnson,23740905,RB/FLEX/S-FLEX,5400,NEB@NW 08/27/2022 12:30PM ET,NEB,12.42
RB,Lawrance Toafili (23740908),Lawrance Toafili,23740908,RB/FLEX/S-FLEX,5300,DUQ@FSU 08/27/2022 05:00PM ET,FSU,6.78
WR,Malik Washington (23741214),Malik Washington,23741214,WR/FLEX/S-FLEX,5300,NEB@NW 08/27/2022 12:30PM ET,NW,9.38
QB,Tyler Vander Waal (23740756),Tyler Vander Waal,23740756,QB/S-FLEX,5300,IDS@UNLV 08/27/2022 03:30PM ET,IDS,6.63
WR,Casey Washington (23741217),Casey Washington,23741217,WR/FLEX/S-FLEX,5200,WYO@IL 08/27/2022 04:00PM ET,IL,4.95
QB,Hunter Hays (23740758),Hunter Hays,23740758,QB/S-FLEX,5200,IDS@UNLV 08/27/2022 03:30PM ET,IDS,8.40
RB,Josh Samuel (23740911),Josh Samuel,23740911,RB/FLEX/S-FLEX,5200,APSU@WKU 08/27/2022 12:00PM ET,APSU,15.96
RB,Josh McCray (23740914),Josh McCray,23740914,RB/FLEX/S-FLEX,5100,WYO@IL 08/27/2022 04:00PM ET,IL,7.11
WR,Ricky White (23741220),Ricky White,23741220,WR/FLEX/S-FLEX,5100,IDS@UNLV 08/27/2022 03:30PM ET,UNLV,0
QB,Jarret Doege (23740760),Jarret Doege,23740760,QB/S-FLEX,5100,APSU@WKU 08/27/2022 12:00PM ET,WKU,13.82
WR,Xavier Williams (23741223),Xavier Williams,23741223,WR/FLEX/S-FLEX,5000,UCONN@UTST 08/27/2022 04:00PM ET,UTST,0
RB,Chad Magyar (23740917),Chad Magyar,23740917,RB/FLEX/S-FLEX,5000,IDS@UNLV 08/27/2022 03:30PM ET,UNLV,1.6
QB,Mike DiLiello (23740762),Mike DiLiello,23740762,QB/S-FLEX,5000,APSU@WKU 08/27/2022 12:00PM ET,APSU,6.17
WR,Ontaria Wilson (23741229),Ontaria Wilson,23741229,WR/FLEX/S-FLEX,4900,DUQ@FSU 08/27/2022 05:00PM ET,FSU,9.12
RB,Gabe Ervin Jr. (23740920),Gabe Ervin Jr.,23740920,RB/FLEX/S-FLEX,4900,NEB@NW 08/27/2022 12:30PM ET,NEB,6.75
WR,Xavier Guillory (23741226),Xavier Guillory,23741226,WR/FLEX/S-FLEX,4900,IDS@UNLV 08/27/2022 03:30PM ET,IDS,7.63
QB,Sheldon Layman (23740764),Sheldon Layman,23740764,QB/S-FLEX,4900,APSU@WKU 08/27/2022 12:00PM ET,APSU,5.15
QB,Darius Perrantes (23740766),Darius Perrantes,23740766,QB/S-FLEX,4800,DUQ@FSU 08/27/2022 05:00PM ET,DUQ,16.41
WR,Dwayne Menders Jr. (23741232),Dwayne Menders Jr.,23741232,WR/FLEX/S-FLEX,4800,DUQ@FSU 08/27/2022 05:00PM ET,DUQ,17.51
RB,Javy Bunton (23740923),Javy Bunton,23740923,RB/FLEX/S-FLEX,4800,APSU@WKU 08/27/2022 12:00PM ET,WKU,0
WR,Daewood Davis (23741235),Daewood Davis,23741235,WR/FLEX/S-FLEX,4800,APSU@WKU 08/27/2022 12:00PM ET,WKU,12.11
QB,Joe Mischler (23740768),Joe Mischler,23740768,QB/S-FLEX,4700,DUQ@FSU 08/27/2022 05:00PM ET,DUQ,-1
WR,Alex Brown (23741241),Alex Brown,23741241,WR/FLEX/S-FLEX,4700,WYO@IL 08/27/2022 04:00PM ET,WYO,2.1
RB,Courtney Reese (23740926),Courtney Reese,23740926,RB/FLEX/S-FLEX,4700,IDS@UNLV 08/27/2022 03:30PM ET,UNLV,2.28
WR,Drae McCray (23741238),Drae McCray,23741238,WR/FLEX/S-FLEX,4700,APSU@WKU 08/27/2022 12:00PM ET,APSU,17.62
WR,Ja'Khi Douglas (23741244),Ja'Khi Douglas,23741244,WR/FLEX/S-FLEX,4600,DUQ@FSU 08/27/2022 05:00PM ET,FSU,5.76
QB,Chubba Purdy (23740770),Chubba Purdy,23740770,QB/S-FLEX,4600,NEB@NW 08/27/2022 12:30PM ET,NEB,12.42
WR,Keelan Marion (23741247),Keelan Marion,23741247,WR/FLEX/S-FLEX,4600,UCONN@UTST 08/27/2022 04:00PM ET,UCONN,10.84
RB,Davion Ervin-Poindexter (23740929),Davion Ervin-Poindexter,23740929,RB/FLEX/S-FLEX,4600,APSU@WKU 08/27/2022 12:00PM ET,WKU,3.21
QB,AJ Duffy (23740782),AJ Duffy,23740782,QB/S-FLEX,4500,DUQ@FSU 08/27/2022 05:00PM ET,FSU,0
QB,Gino English (23740790),Gino English,23740790,QB/S-FLEX,4500,DUQ@FSU 08/27/2022 05:00PM ET,FSU,0
QB,Jordan Heisey (23740862),Jordan Heisey,23740862,QB/S-FLEX,4500,DUQ@FSU 08/27/2022 05:00PM ET,DUQ,0
QB,Chase Diehl (23740864),Chase Diehl,23740864,QB/S-FLEX,4500,DUQ@FSU 08/27/2022 05:00PM ET,DUQ,6.72
QB,Evan Nelson (23740866),Evan Nelson,23740866,QB/S-FLEX,4500,DUQ@FSU 08/27/2022 05:00PM ET,DUQ,2.3
QB,Jake Ritts (23740868),Jake Ritts,23740868,QB/S-FLEX,4500,DUQ@FSU 08/27/2022 05:00PM ET,DUQ,0
QB,Dylan McNamara (23740870),Dylan McNamara,23740870,QB/S-FLEX,4500,DUQ@FSU 08/27/2022 05:00PM ET,FSU,0
QB,Ryan Johnson (23740780),Ryan Johnson,23740780,QB/S-FLEX,4500,WYO@IL 08/27/2022 04:00PM ET,IL,0
QB,Hank Gibbs (23740784),Hank Gibbs,23740784,QB/S-FLEX,4500,WYO@IL 08/27/2022 04:00PM ET,WYO,0
QB,Jayden Clemons (23740800),Jayden Clemons,23740800,QB/S-FLEX,4500,WYO@IL 08/27/2022 04:00PM ET,WYO,0
QB,Samari Collier (23740804),Samari Collier,23740804,QB/S-FLEX,4500,WYO@IL 08/27/2022 04:00PM ET,IL,0
QB,Caden Becker (23740852),Caden Becker,23740852,QB/S-FLEX,4500,WYO@IL 08/27/2022 04:00PM ET,WYO,0
QB,Kirkland Michaux (23740854),Kirkland Michaux,23740854,QB/S-FLEX,4500,WYO@IL 08/27/2022 04:00PM ET,IL,0
QB,Donovan Leary (23740856),Donovan Leary,23740856,QB/S-FLEX,4500,WYO@IL 08/27/2022 04:00PM ET,IL,0
QB,Jameson Sheehan (23740858),Jameson Sheehan,23740858,QB/S-FLEX,4500,WYO@IL 08/27/2022 04:00PM ET,IL,0
QB,Jake Huber (23740860),Jake Huber,23740860,QB/S-FLEX,4500,WYO@IL 08/27/2022 04:00PM ET,IL,0
QB,Carl Richardson (23740778),Carl Richardson,23740778,QB/S-FLEX,4500,NEB@NW 08/27/2022 12:30PM ET,NW,-0.08
QB,Heinrich Haarberg (23740788),Heinrich Haarberg,23740788,QB/S-FLEX,4500,NEB@NW 08/27/2022 12:30PM ET,NEB,0
QB,Cole Freeman (23740796),Cole Freeman,23740796,QB/S-FLEX,4500,NEB@NW 08/27/2022 12:30PM ET,NW,0
QB,Matt Masker (23740802),Matt Masker,23740802,QB/S-FLEX,4500,NEB@NW 08/27/2022 12:30PM ET,NEB,1.98
QB,Jack Lausch (23740840),Jack Lausch,23740840,QB/S-FLEX,4500,NEB@NW 08/27/2022 12:30PM ET,NW,0
QB,Jarrett Synek (23740842),Jarrett Synek,23740842,QB/S-FLEX,4500,NEB@NW 08/27/2022 12:30PM ET,NEB,0
QB,Spencer Arceneaux (23740844),Spencer Arceneaux,23740844,QB/S-FLEX,4500,NEB@NW 08/27/2022 12:30PM ET,NEB,0
QB,Mikey Pauley (23740846),Mikey Pauley,23740846,QB/S-FLEX,4500,NEB@NW 08/27/2022 12:30PM ET,NEB,0
QB,Richard Torres (23740848),Richard Torres,23740848,QB/S-FLEX,4500,NEB@NW 08/27/2022 12:30PM ET,NEB,0
QB,Cooper Hausmann (23740850),Cooper Hausmann,23740850,QB/S-FLEX,4500,NEB@NW 08/27/2022 12:30PM ET,NEB,0
WR,Bryce Kirtz (23741250),Bryce Kirtz,23741250,WR/FLEX/S-FLEX,4500,NEB@NW 08/27/2022 12:30PM ET,NW,7.94
WR,Alante Brown (23741253),Alante Brown,23741253,WR/FLEX/S-FLEX,4500,NEB@NW 08/27/2022 12:30PM ET,NEB,1.5
QB,Cooper Legas (23740772),Cooper Legas,23740772,QB/S-FLEX,4500,UCONN@UTST 08/27/2022 04:00PM ET,UTST,8.42
QB,Garrett Larson (23740786),Garrett Larson,23740786,QB/S-FLEX,4500,UCONN@UTST 08/27/2022 04:00PM ET,UTST,0
QB,Jacob Drena (23740794),Jacob Drena,23740794,QB/S-FLEX,4500,UCONN@UTST 08/27/2022 04:00PM ET,UCONN,-0.1
QB,Zion Turner (23740832),Zion Turner,23740832,QB/S-FLEX,4500,UCONN@UTST 08/27/2022 04:00PM ET,UCONN,0
QB,Cale Millen (23740834),Cale Millen,23740834,QB/S-FLEX,4500,UCONN@UTST 08/27/2022 04:00PM ET,UCONN,0
QB,Bishop Davenport (23740836),Bishop Davenport,23740836,QB/S-FLEX,4500,UCONN@UTST 08/27/2022 04:00PM ET,UTST,0
QB,Chase Tuatagaloa (23740838),Chase Tuatagaloa,23740838,QB/S-FLEX,4500,UCONN@UTST 08/27/2022 04:00PM ET,UTST,0
RB,Pailate Makakona (23740935),Pailate Makakona,23740935,RB/FLEX/S-FLEX,4500,UCONN@UTST 08/27/2022 04:00PM ET,UTST,1.73
QB,Harrison Bailey (23740774),Harrison Bailey,23740774,QB/S-FLEX,4500,IDS@UNLV 08/27/2022 03:30PM ET,UNLV,7.44
QB,Matthew Geeting (23740792),Matthew Geeting,23740792,QB/S-FLEX,4500,IDS@UNLV 08/27/2022 03:30PM ET,UNLV,0
QB,Jared Heywood (23740798),Jared Heywood,23740798,QB/S-FLEX,4500,IDS@UNLV 08/27/2022 03:30PM ET,UNLV,0
QB,Keegan Thompson (23740822),Keegan Thompson,23740822,QB/S-FLEX,4500,IDS@UNLV 08/27/2022 03:30PM ET,IDS,0
QB,Mikey Zele (23740824),Mikey Zele,23740824,QB/S-FLEX,4500,IDS@UNLV 08/27/2022 03:30PM ET,IDS,-0.8
QB,Sagan Gronauer (23740826),Sagan Gronauer,23740826,QB/S-FLEX,4500,IDS@UNLV 08/27/2022 03:30PM ET,IDS,6.16
QB,Jake Sanders (23740828),Jake Sanders,23740828,QB/S-FLEX,4500,IDS@UNLV 08/27/2022 03:30PM ET,IDS,0
QB,Jayden Maiava (23740830),Jayden Maiava,23740830,QB/S-FLEX,4500,IDS@UNLV 08/27/2022 03:30PM ET,UNLV,0
RB,Raiden Hunter (23740932),Raiden Hunter,23740932,RB/FLEX/S-FLEX,4500,IDS@UNLV 08/27/2022 03:30PM ET,IDS,4.16
RB,Jayvaun Wilson (23740938),Jayvaun Wilson,23740938,RB/FLEX/S-FLEX,4500,IDS@UNLV 08/27/2022 03:30PM ET,UNLV,1.45
QB,Chance McDonald (23740776),Chance McDonald,23740776,QB/S-FLEX,4500,APSU@WKU 08/27/2022 12:00PM ET,WKU,-0.48
QB,Drew Zaubi (23740806),Drew Zaubi,23740806,QB/S-FLEX,4500,APSU@WKU 08/27/2022 12:00PM ET,WKU,0.07
QB,Turner Helton (23740808),Turner Helton,23740808,QB/S-FLEX,4500,APSU@WKU 08/27/2022 12:00PM ET,WKU,0
QB,Caden Veltkamp (23740810),Caden Veltkamp,23740810,QB/S-FLEX,4500,APSU@WKU 08/27/2022 12:00PM ET,WKU,0
QB,Bryce Robinson (23740812),Bryce Robinson,23740812,QB/S-FLEX,4500,APSU@WKU 08/27/2022 12:00PM ET,APSU,0
QB,Gerard Bullock (23740814),Gerard Bullock,23740814,QB/S-FLEX,4500,APSU@WKU 08/27/2022 12:00PM ET,APSU,0
QB,Jake Johnson (23740816),Jake Johnson,23740816,QB/S-FLEX,4500,APSU@WKU 08/27/2022 12:00PM ET,APSU,0
QB,Skyler Locklear (23740818),Skyler Locklear,23740818,QB/S-FLEX,4500,APSU@WKU 08/27/2022 12:00PM ET,APSU,0
QB,Neyland Jean (23740820),Neyland Jean,23740820,QB/S-FLEX,4500,APSU@WKU 08/27/2022 12:00PM ET,APSU,4.84
RB,DeMarcus Townsend (23740941),DeMarcus Townsend,23740941,RB/FLEX/S-FLEX,4400,DUQ@FSU 08/27/2022 05:00PM ET,DUQ,0
WR,Keyshawn Helton (23741259),Keyshawn Helton,23741259,WR/FLEX/S-FLEX,4400,DUQ@FSU 08/27/2022 05:00PM ET,FSU,5.98
WR,Jeff Weimer (23741256),Jeff Weimer,23741256,WR/FLEX/S-FLEX,4400,IDS@UNLV 08/27/2022 03:30PM ET,UNLV,0
WR,Wyatt Wieland (23741265),Wyatt Wieland,23741265,WR/FLEX/S-FLEX,4300,WYO@IL 08/27/2022 04:00PM ET,WYO,2.5
WR,Travis Vokolek (23741262),Travis Vokolek,23741262,WR/FLEX/S-FLEX,4300,NEB@NW 08/27/2022 12:30PM ET,NEB,3.39
RB,CJ Evans Jr. (23740944),CJ Evans Jr.,23740944,RB/FLEX/S-FLEX,4300,APSU@WKU 08/27/2022 12:00PM ET,APSU,8.12
RB,Billy Lucas (23740947),Billy Lucas,23740947,RB/FLEX/S-FLEX,4200,DUQ@FSU 08/27/2022 05:00PM ET,DUQ,11.84
WR,Treyton Welch (23741274),Treyton Welch,23741274,WR/FLEX/S-FLEX,4200,WYO@IL 08/27/2022 04:00PM ET,WYO,4.3
WR,Oliver Martin (23741268),Oliver Martin,23741268,WR/FLEX/S-FLEX,4200,NEB@NW 08/27/2022 12:30PM ET,NEB,5.14
WR,Kyle Van Leeuwen (23741271),Kyle Van Leeuwen,23741271,WR/FLEX/S-FLEX,4200,UCONN@UTST 08/27/2022 04:00PM ET,UTST,3.58
WR,Johnny Wilson (23741277),Johnny Wilson,23741277,WR/FLEX/S-FLEX,4100,DUQ@FSU 08/27/2022 05:00PM ET,FSU,8.1
WR,Ryan Iacone (23741280),Ryan Iacone,23741280,WR/FLEX/S-FLEX,4100,DUQ@FSU 08/27/2022 05:00PM ET,DUQ,13.8
RB,Dawaiian McNeely (23740950),Dawaiian McNeely,23740950,RB/FLEX/S-FLEX,4100,WYO@IL 08/27/2022 04:00PM ET,WYO,2.88
WR,Benjamin Omayebu (23741283),Benjamin Omayebu,23741283,WR/FLEX/S-FLEX,4100,IDS@UNLV 08/27/2022 03:30PM ET,IDS,5.46
RB,DeMarcus Ware (23740956),DeMarcus Ware,23740956,RB/FLEX/S-FLEX,4000,DUQ@FSU 08/27/2022 05:00PM ET,DUQ,9.59
WR,Camren McDonald (23741295),Camren McDonald,23741295,WR/FLEX/S-FLEX,4000,DUQ@FSU 08/27/2022 05:00PM ET,FSU,6.73
WR,Pat Bryant (23741289),Pat Bryant,23741289,WR/FLEX/S-FLEX,4000,WYO@IL 08/27/2022 04:00PM ET,IL,3.95
WR,Luke Ford (23741298),Luke Ford,23741298,WR/FLEX/S-FLEX,4000,WYO@IL 08/27/2022 04:00PM ET,IL,4.8
WR,Isaiah Garcia-Castaneda (23741301),Isaiah Garcia-Castaneda,23741301,WR/FLEX/S-FLEX,4000,NEB@NW 08/27/2022 12:30PM ET,NEB,12.32
WR,Broc Lane (23741286),Broc Lane,23741286,WR/FLEX/S-FLEX,4000,UCONN@UTST 08/27/2022 04:00PM ET,UTST,0
RB,Tysean Jefferson (23740953),Tysean Jefferson,23740953,RB/FLEX/S-FLEX,4000,APSU@WKU 08/27/2022 12:00PM ET,WKU,0
WR,Craig Burt Jr. (23741292),Craig Burt Jr.,23741292,WR/FLEX/S-FLEX,4000,APSU@WKU 08/27/2022 12:00PM ET,WKU,6.71
RB,Jaquez Yant (23740959),Jaquez Yant,23740959,RB/FLEX/S-FLEX,3900,NEB@NW 08/27/2022 12:30PM ET,NEB,6.65
WR,Chris Hickman (23741313),Chris Hickman,23741313,WR/FLEX/S-FLEX,3900,NEB@NW 08/27/2022 12:30PM ET,NEB,12
WR,NyNy Davis (23741307),NyNy Davis,23741307,WR/FLEX/S-FLEX,3900,UCONN@UTST 08/27/2022 04:00PM ET,UTST,0
WR,Parker Buchanan (23741316),Parker Buchanan,23741316,WR/FLEX/S-FLEX,3900,UCONN@UTST 08/27/2022 04:00PM ET,UTST,0
RB,Avery Miguel (23740962),Avery Miguel,23740962,RB/FLEX/S-FLEX,3900,IDS@UNLV 08/27/2022 03:30PM ET,UNLV,0
WR,Zyell Griffin (23741304),Zyell Griffin,23741304,WR/FLEX/S-FLEX,3900,IDS@UNLV 08/27/2022 03:30PM ET,UNLV,6.47
WR,Kaleo Ballungay (23741310),Kaleo Ballungay,23741310,WR/FLEX/S-FLEX,3900,IDS@UNLV 08/27/2022 03:30PM ET,UNLV,3.8
WR,Winston Wright Jr. (23741337),Winston Wright Jr.,23741337,WR/FLEX/S-FLEX,3800,DUQ@FSU 08/27/2022 05:00PM ET,FSU,13.31
WR,Raymond Niro III (23741322),Raymond Niro III,23741322,WR/FLEX/S-FLEX,3800,NEB@NW 08/27/2022 12:30PM ET,NW,0.42
WR,Marcus Washington (23741325),Marcus Washington,23741325,WR/FLEX/S-FLEX,3800,NEB@NW 08/27/2022 12:30PM ET,NEB,8.67
WR,Cameron Ross (23741319),Cameron Ross,23741319,WR/FLEX/S-FLEX,3800,UCONN@UTST 08/27/2022 04:00PM ET,UCONN,7
RB,Tu'u Afu (23740965),Tu'u Afu,23740965,RB/FLEX/S-FLEX,3800,IDS@UNLV 08/27/2022 03:30PM ET,IDS,0
WR,Shelton Zeon III (23741331),Shelton Zeon III,23741331,WR/FLEX/S-FLEX,3800,IDS@UNLV 08/27/2022 03:30PM ET,UNLV,5.3
WR,Joey Beljan (23741328),Joey Beljan,23741328,WR/FLEX/S-FLEX,3800,APSU@WKU 08/27/2022 12:00PM ET,WKU,6.57
WR,Dakota Thomas (23741334),Dakota Thomas,23741334,WR/FLEX/S-FLEX,3800,APSU@WKU 08/27/2022 12:00PM ET,WKU,6.18
RB,Jeremy Hollingsworth (23740968),Jeremy Hollingsworth,23740968,RB/FLEX/S-FLEX,3700,WYO@IL 08/27/2022 04:00PM ET,WYO,0.2
WR,Jonah Morris (23741340),Jonah Morris,23741340,WR/FLEX/S-FLEX,3700,WYO@IL 08/27/2022 04:00PM ET,IL,8.06
WR,Gavin Beerup (23741346),Gavin Beerup,23741346,WR/FLEX/S-FLEX,3700,WYO@IL 08/27/2022 04:00PM ET,WYO,0
WR,Josh Sterzer (23741343),Josh Sterzer,23741343,WR/FLEX/S-FLEX,3700,UCONN@UTST 08/27/2022 04:00PM ET,UTST,2.03
WR,Shane Dailey Jr. (23741349),Shane Dailey Jr.,23741349,WR/FLEX/S-FLEX,3700,IDS@UNLV 08/27/2022 03:30PM ET,IDS,5.3
WR,Wyatt Rector (23741355),Wyatt Rector,23741355,WR/FLEX/S-FLEX,3600,DUQ@FSU 08/27/2022 05:00PM ET,FSU,9.3
WR,Genson Hooper Price (23741358),Genson Hooper Price,23741358,WR/FLEX/S-FLEX,3600,NEB@NW 08/27/2022 12:30PM ET,NW,1.75
WR,Brandon Niemenski (23741352),Brandon Niemenski,23741352,WR/FLEX/S-FLEX,3600,UCONN@UTST 08/27/2022 04:00PM ET,UCONN,4.31
RB,Soujah Gasu (23740971),Soujah Gasu,23740971,RB/FLEX/S-FLEX,3600,IDS@UNLV 08/27/2022 03:30PM ET,IDS,2.08
WR,Jordan Jakes (23741361),Jordan Jakes,23741361,WR/FLEX/S-FLEX,3600,IDS@UNLV 08/27/2022 03:30PM ET,UNLV,3.3
WR,Parker Christensen (23741367),Parker Christensen,23741367,WR/FLEX/S-FLEX,3500,WYO@IL 08/27/2022 04:00PM ET,WYO,3.67
WR,Tyrese Grant (23741373),Tyrese Grant,23741373,WR/FLEX/S-FLEX,3500,WYO@IL 08/27/2022 04:00PM ET,WYO,0
WR,Charlie Mangieri (23741364),Charlie Mangieri,23741364,WR/FLEX/S-FLEX,3500,NEB@NW 08/27/2022 12:30PM ET,NW,2.63
RB,Brian Brewton (23740974),Brian Brewton,23740974,RB/FLEX/S-FLEX,3500,UCONN@UTST 08/27/2022 04:00PM ET,UCONN,3.3
WR,Terrell Vaughn (23741376),Terrell Vaughn,23741376,WR/FLEX/S-FLEX,3500,UCONN@UTST 08/27/2022 04:00PM ET,UTST,0
WR,Shaun Grayson (23741370),Shaun Grayson,23741370,WR/FLEX/S-FLEX,3500,IDS@UNLV 08/27/2022 03:30PM ET,UNLV,2.65
WR,Dalvin Smith (23741379),Dalvin Smith,23741379,WR/FLEX/S-FLEX,3500,APSU@WKU 08/27/2022 12:00PM ET,WKU,6.23
WR,Joshua DeCambre (23741382),Joshua DeCambre,23741382,WR/FLEX/S-FLEX,3500,APSU@WKU 08/27/2022 12:00PM ET,APSU,4.18
WR,Tip Reiman (23741388),Tip Reiman,23741388,WR/FLEX/S-FLEX,3400,WYO@IL 08/27/2022 04:00PM ET,IL,4.43
WR,Marshall Lang (23741385),Marshall Lang,23741385,WR/FLEX/S-FLEX,3400,NEB@NW 08/27/2022 12:30PM ET,NW,5.11
WR,Wayne Dennis Jr. (23741391),Wayne Dennis Jr.,23741391,WR/FLEX/S-FLEX,3400,NEB@NW 08/27/2022 12:30PM ET,NW,1.8
RB,Spencer Briggs (23740977),Spencer Briggs,23740977,RB/FLEX/S-FLEX,3400,IDS@UNLV 08/27/2022 03:30PM ET,UNLV,0
RB,Jakairi Moses (23740980),Jakairi Moses,23740980,RB/FLEX/S-FLEX,3400,APSU@WKU 08/27/2022 12:00PM ET,WKU,2.38
WR,Joey Isabella (23741403),Joey Isabella,23741403,WR/FLEX/S-FLEX,3300,DUQ@FSU 08/27/2022 05:00PM ET,DUQ,4.9
WR,Colin O'Brien (23741394),Colin O'Brien,23741394,WR/FLEX/S-FLEX,3300,WYO@IL 08/27/2022 04:00PM ET,WYO,4.7
WR,Will Pelissier (23741397),Will Pelissier,23741397,WR/FLEX/S-FLEX,3300,WYO@IL 08/27/2022 04:00PM ET,WYO,0
WR,Kody Case (23741400),Kody Case,23741400,WR/FLEX/S-FLEX,3300,WYO@IL 08/27/2022 04:00PM ET,IL,5.8
WR,Zavier Betts (23741406),Zavier Betts,23741406,WR/FLEX/S-FLEX,3300,NEB@NW 08/27/2022 12:30PM ET,NEB,5.46
RB,Jordan Kempf (23740983),Jordan Kempf,23740983,RB/FLEX/S-FLEX,3300,IDS@UNLV 08/27/2022 03:30PM ET,IDS,0
RB,Aidan Robbins (23740989),Aidan Robbins,23740989,RB/FLEX/S-FLEX,3300,IDS@UNLV 08/27/2022 03:30PM ET,UNLV,10.1
RB,Jevon Jackson (23740986),Jevon Jackson,23740986,RB/FLEX/S-FLEX,3300,APSU@WKU 08/27/2022 12:00PM ET,APSU,5.3
RB,JaMario Clements (23740995),JaMario Clements,23740995,RB/FLEX/S-FLEX,3200,DUQ@FSU 08/27/2022 05:00PM ET,DUQ,5.5
WR,Deuce Spann (23741427),Deuce Spann,23741427,WR/FLEX/S-FLEX,3200,DUQ@FSU 08/27/2022 05:00PM ET,FSU,5.88
WR,Brian Hightower (23741418),Brian Hightower,23741418,WR/FLEX/S-FLEX,3200,WYO@IL 08/27/2022 04:00PM ET,IL,0
WR,Gunner Gentry (23741421),Gunner Gentry,23741421,WR/FLEX/S-FLEX,3200,WYO@IL 08/27/2022 04:00PM ET,WYO,0
RB,Andrew Clair (23740992),Andrew Clair,23740992,RB/FLEX/S-FLEX,3200,NEB@NW 08/27/2022 12:30PM ET,NW,4.62
WR,Kevens Clercius (23741415),Kevens Clercius,23741415,WR/FLEX/S-FLEX,3200,UCONN@UTST 08/27/2022 04:00PM ET,UCONN,5.82
RB,Jordan Younge-Humphrey (23740998),Jordan Younge-Humphrey,23740998,RB/FLEX/S-FLEX,3200,IDS@UNLV 08/27/2022 03:30PM ET,UNLV,11.11
WR,Christian Fredericksen (23741424),Christian Fredericksen,23741424,WR/FLEX/S-FLEX,3200,IDS@UNLV 08/27/2022 03:30PM ET,IDS,3.37
WR,Jordan Goco (23741409),Jordan Goco,23741409,WR/FLEX/S-FLEX,3200,APSU@WKU 08/27/2022 12:00PM ET,APSU,5.17
WR,Alex Williams (23741412),Alex Williams,23741412,WR/FLEX/S-FLEX,3200,APSU@WKU 08/27/2022 12:00PM ET,WKU,0
WR,Mike Roussos (23741439),Mike Roussos,23741439,WR/FLEX/S-FLEX,3100,DUQ@FSU 08/27/2022 05:00PM ET,FSU,4.66
RB,Chase Hayden (23741001),Chase Hayden,23741001,RB/FLEX/S-FLEX,3100,WYO@IL 08/27/2022 04:00PM ET,IL,0.4
RB,Reggie Love III (23741004),Reggie Love III,23741004,RB/FLEX/S-FLEX,3100,WYO@IL 08/27/2022 04:00PM ET,IL,3.17
WR,Khmari Thompson (23741433),Khmari Thompson,23741433,WR/FLEX/S-FLEX,3100,WYO@IL 08/27/2022 04:00PM ET,IL,0
WR,Aaron Turner (23741430),Aaron Turner,23741430,WR/FLEX/S-FLEX,3100,UCONN@UTST 08/27/2022 04:00PM ET,UCONN,5.74
WR,James Burns (23741436),James Burns,23741436,WR/FLEX/S-FLEX,3100,APSU@WKU 08/27/2022 12:00PM ET,APSU,2.7
RB,CJ Campbell (23741019),CJ Campbell,23741019,RB/FLEX/S-FLEX,3000,DUQ@FSU 08/27/2022 05:00PM ET,FSU,0
RB,Rodney Hill (23741037),Rodney Hill,23741037,RB/FLEX/S-FLEX,3000,DUQ@FSU 08/27/2022 05:00PM ET,FSU,0
RB,DaMon Macklin (23741076),DaMon Macklin,23741076,RB/FLEX/S-FLEX,3000,DUQ@FSU 08/27/2022 05:00PM ET,DUQ,2.7
RB,Malik Thomas (23741169),Malik Thomas,23741169,RB/FLEX/S-FLEX,3000,DUQ@FSU 08/27/2022 05:00PM ET,DUQ,0.5
WR,Preston Daniel (23741448),Preston Daniel,23741448,WR/FLEX/S-FLEX,3000,DUQ@FSU 08/27/2022 05:00PM ET,FSU,1.5
WR,Markeston Douglas (23741457),Markeston Douglas,23741457,WR/FLEX/S-FLEX,3000,DUQ@FSU 08/27/2022 05:00PM ET,FSU,0
WR,Quan Easterling (23741466),Quan Easterling,23741466,WR/FLEX/S-FLEX,3000,DUQ@FSU 08/27/2022 05:00PM ET,DUQ,0
WR,Austin White (23741478),Austin White,23741478,WR/FLEX/S-FLEX,3000,DUQ@FSU 08/27/2022 05:00PM ET,FSU,0
WR,DJ Daniels (23741481),DJ Daniels,23741481,WR/FLEX/S-FLEX,3000,DUQ@FSU 08/27/2022 05:00PM ET,FSU,0
WR,J.T. Cooper (23741607),J.T. Cooper,23741607,WR/FLEX/S-FLEX,3000,DUQ@FSU 08/27/2022 05:00PM ET,DUQ,0
WR,Logan Lutz (23741610),Logan Lutz,23741610,WR/FLEX/S-FLEX,3000,DUQ@FSU 08/27/2022 05:00PM ET,DUQ,0
WR,Troy Kuhn (23741613),Troy Kuhn,23741613,WR/FLEX/S-FLEX,3000,DUQ@FSU 08/27/2022 05:00PM ET,DUQ,0
WR,Joe Manfre (23741616),Joe Manfre,23741616,WR/FLEX/S-FLEX,3000,DUQ@FSU 08/27/2022 05:00PM ET,DUQ,0
WR,Brian Courtney (23741619),Brian Courtney,23741619,WR/FLEX/S-FLEX,3000,DUQ@FSU 08/27/2022 05:00PM ET,FSU,0
WR,Jerrale Powers (23741622),Jerrale Powers,23741622,WR/FLEX/S-FLEX,3000,DUQ@FSU 08/27/2022 05:00PM ET,FSU,0
WR,Vance Nicklaus (23741625),Vance Nicklaus,23741625,WR/FLEX/S-FLEX,3000,DUQ@FSU 08/27/2022 05:00PM ET,FSU,0
WR,Jimmy Casey (23741628),Jimmy Casey,23741628,WR/FLEX/S-FLEX,3000,DUQ@FSU 08/27/2022 05:00PM ET,FSU,0
WR,Jackson West (23741631),Jackson West,23741631,WR/FLEX/S-FLEX,3000,DUQ@FSU 08/27/2022 05:00PM ET,FSU,0
WR,Jalin Cooper (23741637),Jalin Cooper,23741637,WR/FLEX/S-FLEX,3000,DUQ@FSU 08/27/2022 05:00PM ET,DUQ,0
WR,Joshua Burrell (23741658),Joshua Burrell,23741658,WR/FLEX/S-FLEX,3000,DUQ@FSU 08/27/2022 05:00PM ET,FSU,0
WR,Nick Leopold (23741685),Nick Leopold,23741685,WR/FLEX/S-FLEX,3000,DUQ@FSU 08/27/2022 05:00PM ET,DUQ,0
WR,Alex Gochis (23741985),Alex Gochis,23741985,WR/FLEX/S-FLEX,3000,DUQ@FSU 08/27/2022 05:00PM ET,DUQ,0
WR,Alex Ludwick (23741988),Alex Ludwick,23741988,WR/FLEX/S-FLEX,3000,DUQ@FSU 08/27/2022 05:00PM ET,DUQ,0
WR,Rahmon Hart Jr. (23741991),Rahmon Hart Jr.,23741991,WR/FLEX/S-FLEX,3000,DUQ@FSU 08/27/2022 05:00PM ET,DUQ,0
WR,Matt Schmitt (23741994),Matt Schmitt,23741994,WR/FLEX/S-FLEX,3000,DUQ@FSU 08/27/2022 05:00PM ET,DUQ,0
WR,Keshawn Brown (23741997),Keshawn Brown,23741997,WR/FLEX/S-FLEX,3000,DUQ@FSU 08/27/2022 05:00PM ET,DUQ,0
WR,Justin Clark (23742000),Justin Clark,23742000,WR/FLEX/S-FLEX,3000,DUQ@FSU 08/27/2022 05:00PM ET,DUQ,0
WR,Rafael McCoy (23742003),Rafael McCoy,23742003,WR/FLEX/S-FLEX,3000,DUQ@FSU 08/27/2022 05:00PM ET,DUQ,2
WR,Tyler Padezan (23742006),Tyler Padezan,23742006,WR/FLEX/S-FLEX,3000,DUQ@FSU 08/27/2022 05:00PM ET,DUQ,0
WR,Rahmiere Knight (23742009),Rahmiere Knight,23742009,WR/FLEX/S-FLEX,3000,DUQ@FSU 08/27/2022 05:00PM ET,DUQ,0
WR,Riley Lisgar (23742012),Riley Lisgar,23742012,WR/FLEX/S-FLEX,3000,DUQ@FSU 08/27/2022 05:00PM ET,DUQ,0
WR,Abdul Janneh (23742015),Abdul Janneh,23742015,WR/FLEX/S-FLEX,3000,DUQ@FSU 08/27/2022 05:00PM ET,DUQ,0
WR,Lamere Byrd (23742018),Lamere Byrd,23742018,WR/FLEX/S-FLEX,3000,DUQ@FSU 08/27/2022 05:00PM ET,DUQ,0
WR,Moses Ngang (23742021),Moses Ngang,23742021,WR/FLEX/S-FLEX,3000,DUQ@FSU 08/27/2022 05:00PM ET,DUQ,0
WR,Trey King (23742024),Trey King,23742024,WR/FLEX/S-FLEX,3000,DUQ@FSU 08/27/2022 05:00PM ET,DUQ,2.2
WR,Darion Williamson (23742027),Darion Williamson,23742027,WR/FLEX/S-FLEX,3000,DUQ@FSU 08/27/2022 05:00PM ET,FSU,2.75
WR,Jeremiah Giedrys (23742030),Jeremiah Giedrys,23742030,WR/FLEX/S-FLEX,3000,DUQ@FSU 08/27/2022 05:00PM ET,FSU,0
WR,Kentron Poitier (23742033),Kentron Poitier,23742033,WR/FLEX/S-FLEX,3000,DUQ@FSU 08/27/2022 05:00PM ET,FSU,1.55
WR,Anthony Weeden (23742036),Anthony Weeden,23742036,WR/FLEX/S-FLEX,3000,DUQ@FSU 08/27/2022 05:00PM ET,FSU,0
WR,Fernando Padron (23742039),Fernando Padron,23742039,WR/FLEX/S-FLEX,3000,DUQ@FSU 08/27/2022 05:00PM ET,FSU,0
WR,De'mon Henry (23742042),De'mon Henry,23742042,WR/FLEX/S-FLEX,3000,DUQ@FSU 08/27/2022 05:00PM ET,FSU,0
RB,Caleb Driskill (23741016),Caleb Driskill,23741016,RB/FLEX/S-FLEX,3000,WYO@IL 08/27/2022 04:00PM ET,WYO,0
RB,Alphonzo Andrews Jr. (23741034),Alphonzo Andrews Jr.,23741034,RB/FLEX/S-FLEX,3000,WYO@IL 08/27/2022 04:00PM ET,WYO,0
RB,Jordon Vaughn (23741046),Jordon Vaughn,23741046,RB/FLEX/S-FLEX,3000,WYO@IL 08/27/2022 04:00PM ET,WYO,0
RB,D.Q. James (23741055),D.Q. James,23741055,RB/FLEX/S-FLEX,3000,WYO@IL 08/27/2022 04:00PM ET,WYO,0
RB,Joey Braasch (23741061),Joey Braasch,23741061,RB/FLEX/S-FLEX,3000,WYO@IL 08/27/2022 04:00PM ET,WYO,0
RB,Dalton Strouss (23741064),Dalton Strouss,23741064,RB/FLEX/S-FLEX,3000,WYO@IL 08/27/2022 04:00PM ET,WYO,0
RB,Kimball Madsen (23741067),Kimball Madsen,23741067,RB/FLEX/S-FLEX,3000,WYO@IL 08/27/2022 04:00PM ET,WYO,0
RB,Nick Fedanzo (23741094),Nick Fedanzo,23741094,RB/FLEX/S-FLEX,3000,WYO@IL 08/27/2022 04:00PM ET,IL,0
RB,LJ Richardson (23741160),LJ Richardson,23741160,RB/FLEX/S-FLEX,3000,WYO@IL 08/27/2022 04:00PM ET,WYO,0
RB,Aidan Laughery (23741163),Aidan Laughery,23741163,RB/FLEX/S-FLEX,3000,WYO@IL 08/27/2022 04:00PM ET,IL,0
RB,Jordan Anderson (23741166),Jordan Anderson,23741166,RB/FLEX/S-FLEX,3000,WYO@IL 08/27/2022 04:00PM ET,IL,0
WR,Michael Marchese (23741451),Michael Marchese,23741451,WR/FLEX/S-FLEX,3000,WYO@IL 08/27/2022 04:00PM ET,IL,2.5
WR,Jackson Marcotte (23741454),Jackson Marcotte,23741454,WR/FLEX/S-FLEX,3000,WYO@IL 08/27/2022 04:00PM ET,WYO,1.6
WR,Griffin Moore (23741460),Griffin Moore,23741460,WR/FLEX/S-FLEX,3000,WYO@IL 08/27/2022 04:00PM ET,IL,0
WR,Nick Miles (23741583),Nick Miles,23741583,WR/FLEX/S-FLEX,3000,WYO@IL 08/27/2022 04:00PM ET,WYO,0
WR,Isaac Schoenfeld (23741586),Isaac Schoenfeld,23741586,WR/FLEX/S-FLEX,3000,WYO@IL 08/27/2022 04:00PM ET,WYO,0
WR,John Michael Gyllenborg (23741589),John Michael Gyllenborg,23741589,WR/FLEX/S-FLEX,3000,WYO@IL 08/27/2022 04:00PM ET,WYO,0
WR,Mike Cerniglia Jr. (23741592),Mike Cerniglia Jr.,23741592,WR/FLEX/S-FLEX,3000,WYO@IL 08/27/2022 04:00PM ET,IL,0
WR,Lucas Althaus (23741595),Lucas Althaus,23741595,WR/FLEX/S-FLEX,3000,WYO@IL 08/27/2022 04:00PM ET,IL,0
WR,Owen Anderson (23741598),Owen Anderson,23741598,WR/FLEX/S-FLEX,3000,WYO@IL 08/27/2022 04:00PM ET,IL,0
WR,Henry Boyer (23741601),Henry Boyer,23741601,WR/FLEX/S-FLEX,3000,WYO@IL 08/27/2022 04:00PM ET,IL,0
WR,Naivyan Cargill (23741604),Naivyan Cargill,23741604,WR/FLEX/S-FLEX,3000,WYO@IL 08/27/2022 04:00PM ET,IL,0
WR,Charlie Coenen (23741928),Charlie Coenen,23741928,WR/FLEX/S-FLEX,3000,WYO@IL 08/27/2022 04:00PM ET,WYO,0
WR,Ryan Marquez (23741931),Ryan Marquez,23741931,WR/FLEX/S-FLEX,3000,WYO@IL 08/27/2022 04:00PM ET,WYO,0
WR,Caleb Merritt (23741934),Caleb Merritt,23741934,WR/FLEX/S-FLEX,3000,WYO@IL 08/27/2022 04:00PM ET,WYO,0
WR,Isaac Sell (23741937),Isaac Sell,23741937,WR/FLEX/S-FLEX,3000,WYO@IL 08/27/2022 04:00PM ET,WYO,0
WR,Mitchell Anderson (23741940),Mitchell Anderson,23741940,WR/FLEX/S-FLEX,3000,WYO@IL 08/27/2022 04:00PM ET,WYO,0
WR,Jaylen Sargent (23741943),Jaylen Sargent,23741943,WR/FLEX/S-FLEX,3000,WYO@IL 08/27/2022 04:00PM ET,WYO,0
WR,Caleb Cooley (23741946),Caleb Cooley,23741946,WR/FLEX/S-FLEX,3000,WYO@IL 08/27/2022 04:00PM ET,WYO,0
WR,Keion Battle (23741949),Keion Battle,23741949,WR/FLEX/S-FLEX,3000,WYO@IL 08/27/2022 04:00PM ET,IL,0
WR,Chase Miller (23741952),Chase Miller,23741952,WR/FLEX/S-FLEX,3000,WYO@IL 08/27/2022 04:00PM ET,IL,0
WR,Owen Hickey (23741955),Owen Hickey,23741955,WR/FLEX/S-FLEX,3000,WYO@IL 08/27/2022 04:00PM ET,IL,0
WR,Ty Lindenman (23741958),Ty Lindenman,23741958,WR/FLEX/S-FLEX,3000,WYO@IL 08/27/2022 04:00PM ET,IL,0
WR,Miles Scott (23741961),Miles Scott,23741961,WR/FLEX/S-FLEX,3000,WYO@IL 08/27/2022 04:00PM ET,IL,0
WR,Weston Adams (23741964),Weston Adams,23741964,WR/FLEX/S-FLEX,3000,WYO@IL 08/27/2022 04:00PM ET,IL,0
WR,Eian Pugh (23741967),Eian Pugh,23741967,WR/FLEX/S-FLEX,3000,WYO@IL 08/27/2022 04:00PM ET,IL,0
WR,Daniel Edwards (23741970),Daniel Edwards,23741970,WR/FLEX/S-FLEX,3000,WYO@IL 08/27/2022 04:00PM ET,IL,0
WR,Shawn Miller (23741973),Shawn Miller,23741973,WR/FLEX/S-FLEX,3000,WYO@IL 08/27/2022 04:00PM ET,IL,0
WR,Jordan Knowles (23741976),Jordan Knowles,23741976,WR/FLEX/S-FLEX,3000,WYO@IL 08/27/2022 04:00PM ET,IL,0
WR,Hank Beatty (23741979),Hank Beatty,23741979,WR/FLEX/S-FLEX,3000,WYO@IL 08/27/2022 04:00PM ET,IL,0
WR,Ashton Hollins (23741982),Ashton Hollins,23741982,WR/FLEX/S-FLEX,3000,WYO@IL 08/27/2022 04:00PM ET,IL,0
RB,Anthony Tyus III (23741013),Anthony Tyus III,23741013,RB/FLEX/S-FLEX,3000,NEB@NW 08/27/2022 12:30PM ET,NW,3.95
RB,Marcus Cisco (23741022),Marcus Cisco,23741022,RB/FLEX/S-FLEX,3000,NEB@NW 08/27/2022 12:30PM ET,NW,1.3
RB,Cooper Jewett (23741031),Cooper Jewett,23741031,RB/FLEX/S-FLEX,3000,NEB@NW 08/27/2022 12:30PM ET,NEB,0.25
RB,Trevin Luben (23741049),Trevin Luben,23741049,RB/FLEX/S-FLEX,3000,NEB@NW 08/27/2022 12:30PM ET,NEB,0
RB,Jake Arthurs (23741070),Jake Arthurs,23741070,RB/FLEX/S-FLEX,3000,NEB@NW 08/27/2022 12:30PM ET,NW,3.05
RB,Isaiah Harris (23741085),Isaiah Harris,23741085,RB/FLEX/S-FLEX,3000,NEB@NW 08/27/2022 12:30PM ET,NEB,0
RB,Beau Psencik (23741088),Beau Psencik,23741088,RB/FLEX/S-FLEX,3000,NEB@NW 08/27/2022 12:30PM ET,NEB,0
RB,Markese Stepp (23741091),Markese Stepp,23741091,RB/FLEX/S-FLEX,3000,NEB@NW 08/27/2022 12:30PM ET,NEB,6.12
RB,Connor Newhouse (23741097),Connor Newhouse,23741097,RB/FLEX/S-FLEX,3000,NEB@NW 08/27/2022 12:30PM ET,NW,2.5
RB,Joseph Himon II (23741142),Joseph Himon II,23741142,RB/FLEX/S-FLEX,3000,NEB@NW 08/27/2022 12:30PM ET,NW,0
RB,Albert Kunickis III (23741145),Albert Kunickis III,23741145,RB/FLEX/S-FLEX,3000,NEB@NW 08/27/2022 12:30PM ET,NW,0
RB,Aiden Young (23741148),Aiden Young,23741148,RB/FLEX/S-FLEX,3000,NEB@NW 08/27/2022 12:30PM ET,NEB,0
RB,Matthew Schuster (23741151),Matthew Schuster,23741151,RB/FLEX/S-FLEX,3000,NEB@NW 08/27/2022 12:30PM ET,NEB,0
RB,Emmett Johnson (23741154),Emmett Johnson,23741154,RB/FLEX/S-FLEX,3000,NEB@NW 08/27/2022 12:30PM ET,NEB,0
RB,Ajay Allen (23741157),Ajay Allen,23741157,RB/FLEX/S-FLEX,3000,NEB@NW 08/27/2022 12:30PM ET,NEB,0
WR,Chancellor Brewington (23741445),Chancellor Brewington,23741445,WR/FLEX/S-FLEX,3000,NEB@NW 08/27/2022 12:30PM ET,NEB,5.5
WR,Thomas Fidone II (23741472),Thomas Fidone II,23741472,WR/FLEX/S-FLEX,3000,NEB@NW 08/27/2022 12:30PM ET,NEB,0
WR,AJ Rollins (23741475),AJ Rollins,23741475,WR/FLEX/S-FLEX,3000,NEB@NW 08/27/2022 12:30PM ET,NEB,0
WR,Nate Boerkircher (23741484),Nate Boerkircher,23741484,WR/FLEX/S-FLEX,3000,NEB@NW 08/27/2022 12:30PM ET,NEB,1.7
WR,Thomas Gordon (23741487),Thomas Gordon,23741487,WR/FLEX/S-FLEX,3000,NEB@NW 08/27/2022 12:30PM ET,NW,1.15
WR,Lawson Albright (23741553),Lawson Albright,23741553,WR/FLEX/S-FLEX,3000,NEB@NW 08/27/2022 12:30PM ET,NW,0
WR,Chris Petrucci (23741556),Chris Petrucci,23741556,WR/FLEX/S-FLEX,3000,NEB@NW 08/27/2022 12:30PM ET,NW,0
WR,Blake Van Buren (23741559),Blake Van Buren,23741559,WR/FLEX/S-FLEX,3000,NEB@NW 08/27/2022 12:30PM ET,NW,0
WR,Hunter Welcing (23741562),Hunter Welcing,23741562,WR/FLEX/S-FLEX,3000,NEB@NW 08/27/2022 12:30PM ET,NW,0
WR,Luke Lindenmeyer (23741565),Luke Lindenmeyer,23741565,WR/FLEX/S-FLEX,3000,NEB@NW 08/27/2022 12:30PM ET,NEB,0
WR,Chase Androff (23741568),Chase Androff,23741568,WR/FLEX/S-FLEX,3000,NEB@NW 08/27/2022 12:30PM ET,NEB,0
WR,Evan Meyersick (23741571),Evan Meyersick,23741571,WR/FLEX/S-FLEX,3000,NEB@NW 08/27/2022 12:30PM ET,NEB,0
WR,James Carnie (23741574),James Carnie,23741574,WR/FLEX/S-FLEX,3000,NEB@NW 08/27/2022 12:30PM ET,NEB,0
WR,Brodie Tagaloa (23741577),Brodie Tagaloa,23741577,WR/FLEX/S-FLEX,3000,NEB@NW 08/27/2022 12:30PM ET,NEB,0
WR,John Goodwin (23741580),John Goodwin,23741580,WR/FLEX/S-FLEX,3000,NEB@NW 08/27/2022 12:30PM ET,NEB,0
WR,Jacob Gill (23741640),Jacob Gill,23741640,WR/FLEX/S-FLEX,3000,NEB@NW 08/27/2022 12:30PM ET,NW,3.21
WR,Zach Weinmaster (23741643),Zach Weinmaster,23741643,WR/FLEX/S-FLEX,3000,NEB@NW 08/27/2022 12:30PM ET,NEB,0.2
WR,Donny Navarro III (23741649),Donny Navarro III,23741649,WR/FLEX/S-FLEX,3000,NEB@NW 08/27/2022 12:30PM ET,NW,3.27
WR,Wyatt Liewer (23741652),Wyatt Liewer,23741652,WR/FLEX/S-FLEX,3000,NEB@NW 08/27/2022 12:30PM ET,NEB,2.13
WR,Reggie Fleurima (23741667),Reggie Fleurima,23741667,WR/FLEX/S-FLEX,3000,NEB@NW 08/27/2022 12:30PM ET,NW,0
WR,Brody Belt (23741673),Brody Belt,23741673,WR/FLEX/S-FLEX,3000,NEB@NW 08/27/2022 12:30PM ET,NEB,2.93
WR,Ty Hahn (23741676),Ty Hahn,23741676,WR/FLEX/S-FLEX,3000,NEB@NW 08/27/2022 12:30PM ET,NEB,0
WR,Donnie Gray (23741700),Donnie Gray,23741700,WR/FLEX/S-FLEX,3000,NEB@NW 08/27/2022 12:30PM ET,NW,0
WR,Alex Bullock (23741703),Alex Bullock,23741703,WR/FLEX/S-FLEX,3000,NEB@NW 08/27/2022 12:30PM ET,NEB,0
WR,Shawn Hardy II (23741706),Shawn Hardy II,23741706,WR/FLEX/S-FLEX,3000,NEB@NW 08/27/2022 12:30PM ET,NEB,2.8
WR,Truitt Robinson (23741709),Truitt Robinson,23741709,WR/FLEX/S-FLEX,3000,NEB@NW 08/27/2022 12:30PM ET,NEB,0
WR,Jack Moses (23741721),Jack Moses,23741721,WR/FLEX/S-FLEX,3000,NEB@NW 08/27/2022 12:30PM ET,NW,0
WR,Preston Bacon (23741724),Preston Bacon,23741724,WR/FLEX/S-FLEX,3000,NEB@NW 08/27/2022 12:30PM ET,NW,0
WR,Calvin Johnson II (23741727),Calvin Johnson II,23741727,WR/FLEX/S-FLEX,3000,NEB@NW 08/27/2022 12:30PM ET,NW,-0.4
WR,Barron Miles Jr. (23741739),Barron Miles Jr.,23741739,WR/FLEX/S-FLEX,3000,NEB@NW 08/27/2022 12:30PM ET,NEB,0
WR,Jasper Stratton (23741901),Jasper Stratton,23741901,WR/FLEX/S-FLEX,3000,NEB@NW 08/27/2022 12:30PM ET,NW,0
WR,Jack Kennedy (23741904),Jack Kennedy,23741904,WR/FLEX/S-FLEX,3000,NEB@NW 08/27/2022 12:30PM ET,NW,0
WR,Decoldest Crawford (23741907),Decoldest Crawford,23741907,WR/FLEX/S-FLEX,3000,NEB@NW 08/27/2022 12:30PM ET,NEB,0
WR,Victor Jones Jr. (23741910),Victor Jones Jr.,23741910,WR/FLEX/S-FLEX,3000,NEB@NW 08/27/2022 12:30PM ET,NEB,0
WR,Kamonte Grimes (23741913),Kamonte Grimes,23741913,WR/FLEX/S-FLEX,3000,NEB@NW 08/27/2022 12:30PM ET,NEB,0
WR,Janiran Bonner (23741916),Janiran Bonner,23741916,WR/FLEX/S-FLEX,3000,NEB@NW 08/27/2022 12:30PM ET,NEB,0
WR,Roman Mangini (23741919),Roman Mangini,23741919,WR/FLEX/S-FLEX,3000,NEB@NW 08/27/2022 12:30PM ET,NEB,0
WR,Elliott Brown (23741922),Elliott Brown,23741922,WR/FLEX/S-FLEX,3000,NEB@NW 08/27/2022 12:30PM ET,NEB,0
WR,Taveon Thompson (23741925),Taveon Thompson,23741925,WR/FLEX/S-FLEX,3000,NEB@NW 08/27/2022 12:30PM ET,NEB,0
RB,Victor Rosa (23741007),Victor Rosa,23741007,RB/FLEX/S-FLEX,3000,UCONN@UTST 08/27/2022 04:00PM ET,UCONN,0
RB,Devontae Houston (23741010),Devontae Houston,23741010,RB/FLEX/S-FLEX,3000,UCONN@UTST 08/27/2022 04:00PM ET,UCONN,3.17
RB,Cooper Jones (23741025),Cooper Jones,23741025,RB/FLEX/S-FLEX,3000,UCONN@UTST 08/27/2022 04:00PM ET,UTST,0
RB,Robert Burns (23741028),Robert Burns,23741028,RB/FLEX/S-FLEX,3000,UCONN@UTST 08/27/2022 04:00PM ET,UCONN,0.84
RB,Gerald Hanson (23741043),Gerald Hanson,23741043,RB/FLEX/S-FLEX,3000,UCONN@UTST 08/27/2022 04:00PM ET,UTST,0
RB,Jordan Wilmore (23741100),Jordan Wilmore,23741100,RB/FLEX/S-FLEX,3000,UCONN@UTST 08/27/2022 04:00PM ET,UTST,5.73
RB,Hunter Clark (23741127),Hunter Clark,23741127,RB/FLEX/S-FLEX,3000,UCONN@UTST 08/27/2022 04:00PM ET,UCONN,0
RB,Max Modeste (23741130),Max Modeste,23741130,RB/FLEX/S-FLEX,3000,UCONN@UTST 08/27/2022 04:00PM ET,UCONN,0
RB,Will Knight (23741133),Will Knight,23741133,RB/FLEX/S-FLEX,3000,UCONN@UTST 08/27/2022 04:00PM ET,UCONN,0
RB,Robert Briggs (23741136),Robert Briggs,23741136,RB/FLEX/S-FLEX,3000,UCONN@UTST 08/27/2022 04:00PM ET,UTST,0
RB,Bailee Davenport (23741139),Bailee Davenport,23741139,RB/FLEX/S-FLEX,3000,UCONN@UTST 08/27/2022 04:00PM ET,UTST,0
WR,Bo Estes (23741442),Bo Estes,23741442,WR/FLEX/S-FLEX,3000,UCONN@UTST 08/27/2022 04:00PM ET,UCONN,0
WR,Brendan Heatherman (23741529),Brendan Heatherman,23741529,WR/FLEX/S-FLEX,3000,UCONN@UTST 08/27/2022 04:00PM ET,UCONN,0
WR,Russell Dixon (23741532),Russell Dixon,23741532,WR/FLEX/S-FLEX,3000,UCONN@UTST 08/27/2022 04:00PM ET,UCONN,0
WR,Christopher Johnson (23741535),Christopher Johnson,23741535,WR/FLEX/S-FLEX,3000,UCONN@UTST 08/27/2022 04:00PM ET,UCONN,2.5
WR,Justin Joly (23741538),Justin Joly,23741538,WR/FLEX/S-FLEX,3000,UCONN@UTST 08/27/2022 04:00PM ET,UCONN,0
WR,Owen DeSilva (23741541),Owen DeSilva,23741541,WR/FLEX/S-FLEX,3000,UCONN@UTST 08/27/2022 04:00PM ET,UCONN,0
WR,Jimmy McCormack (23741544),Jimmy McCormack,23741544,WR/FLEX/S-FLEX,3000,UCONN@UTST 08/27/2022 04:00PM ET,UTST,0
WR,Ron Tiavaasue (23741547),Ron Tiavaasue,23741547,WR/FLEX/S-FLEX,3000,UCONN@UTST 08/27/2022 04:00PM ET,UTST,6.19
WR,Cade Jensen (23741550),Cade Jensen,23741550,WR/FLEX/S-FLEX,3000,UCONN@UTST 08/27/2022 04:00PM ET,UTST,0
WR,Nigel Fitzgerald (23741634),Nigel Fitzgerald,23741634,WR/FLEX/S-FLEX,3000,UCONN@UTST 08/27/2022 04:00PM ET,UCONN,1.9
WR,Matt Drayton (23741646),Matt Drayton,23741646,WR/FLEX/S-FLEX,3000,UCONN@UTST 08/27/2022 04:00PM ET,UCONN,0
WR,Darius Bush (23741655),Darius Bush,23741655,WR/FLEX/S-FLEX,3000,UCONN@UTST 08/27/2022 04:00PM ET,UCONN,0
WR,Jacob Flynn (23741661),Jacob Flynn,23741661,WR/FLEX/S-FLEX,3000,UCONN@UTST 08/27/2022 04:00PM ET,UCONN,0
WR,Quinton Hadnot (23741691),Quinton Hadnot,23741691,WR/FLEX/S-FLEX,3000,UCONN@UTST 08/27/2022 04:00PM ET,UTST,0
WR,Tim Patrick Jr. (23741697),Tim Patrick Jr.,23741697,WR/FLEX/S-FLEX,3000,UCONN@UTST 08/27/2022 04:00PM ET,UTST,0
WR,Elijah Jeffreys (23741712),Elijah Jeffreys,23741712,WR/FLEX/S-FLEX,3000,UCONN@UTST 08/27/2022 04:00PM ET,UCONN,0
WR,Otto Tia (23741715),Otto Tia,23741715,WR/FLEX/S-FLEX,3000,UCONN@UTST 08/27/2022 04:00PM ET,UTST,0
WR,Kyrese Rowan (23741718),Kyrese Rowan,23741718,WR/FLEX/S-FLEX,3000,UCONN@UTST 08/27/2022 04:00PM ET,UTST,0
WR,Mark Didio Jr. (23741730),Mark Didio Jr.,23741730,WR/FLEX/S-FLEX,3000,UCONN@UTST 08/27/2022 04:00PM ET,UCONN,0
WR,Josh Tracey (23741733),Josh Tracey,23741733,WR/FLEX/S-FLEX,3000,UCONN@UTST 08/27/2022 04:00PM ET,UCONN,0
WR,Garrett Walchli (23741736),Garrett Walchli,23741736,WR/FLEX/S-FLEX,3000,UCONN@UTST 08/27/2022 04:00PM ET,UTST,0
WR,Kevin Dunn (23741859),Kevin Dunn,23741859,WR/FLEX/S-FLEX,3000,UCONN@UTST 08/27/2022 04:00PM ET,UCONN,0
WR,Kylish Hicks (23741862),Kylish Hicks,23741862,WR/FLEX/S-FLEX,3000,UCONN@UTST 08/27/2022 04:00PM ET,UCONN,0
WR,Ethon Williams (23741865),Ethon Williams,23741865,WR/FLEX/S-FLEX,3000,UCONN@UTST 08/27/2022 04:00PM ET,UCONN,0
WR,Hayden Jordan (23741868),Hayden Jordan,23741868,WR/FLEX/S-FLEX,3000,UCONN@UTST 08/27/2022 04:00PM ET,UCONN,0
WR,Dajon Harrison (23741871),Dajon Harrison,23741871,WR/FLEX/S-FLEX,3000,UCONN@UTST 08/27/2022 04:00PM ET,UCONN,0
WR,Josh Davis (23741874),Josh Davis,23741874,WR/FLEX/S-FLEX,3000,UCONN@UTST 08/27/2022 04:00PM ET,UTST,0
WR,Ryder MacGillivray (23741877),Ryder MacGillivray,23741877,WR/FLEX/S-FLEX,3000,UCONN@UTST 08/27/2022 04:00PM ET,UTST,0
WR,Malachi Keels (23741880),Malachi Keels,23741880,WR/FLEX/S-FLEX,3000,UCONN@UTST 08/27/2022 04:00PM ET,UTST,0
WR,Taylor Larsen (23741883),Taylor Larsen,23741883,WR/FLEX/S-FLEX,3000,UCONN@UTST 08/27/2022 04:00PM ET,UTST,0
WR,Franky Jacobsen (23741886),Franky Jacobsen,23741886,WR/FLEX/S-FLEX,3000,UCONN@UTST 08/27/2022 04:00PM ET,UTST,0
WR,Timm Van Leeuwen (23741889),Timm Van Leeuwen,23741889,WR/FLEX/S-FLEX,3000,UCONN@UTST 08/27/2022 04:00PM ET,UTST,0
WR,Austin Okerwa (23741892),Austin Okerwa,23741892,WR/FLEX/S-FLEX,3000,UCONN@UTST 08/27/2022 04:00PM ET,UTST,0
WR,Quentin Riley (23741895),Quentin Riley,23741895,WR/FLEX/S-FLEX,3000,UCONN@UTST 08/27/2022 04:00PM ET,UTST,0
WR,Jalen Royals (23741898),Jalen Royals,23741898,WR/FLEX/S-FLEX,3000,UCONN@UTST 08/27/2022 04:00PM ET,UTST,0
RB,Josh Tihada (23741040),Josh Tihada,23741040,RB/FLEX/S-FLEX,3000,IDS@UNLV 08/27/2022 03:30PM ET,UNLV,0
RB,Sammy Green (23741052),Sammy Green,23741052,RB/FLEX/S-FLEX,3000,IDS@UNLV 08/27/2022 03:30PM ET,UNLV,0
RB,Andrew Wimmer (23741058),Andrew Wimmer,23741058,RB/FLEX/S-FLEX,3000,IDS@UNLV 08/27/2022 03:30PM ET,UNLV,0
RB,Hunter Killian (23741079),Hunter Killian,23741079,RB/FLEX/S-FLEX,3000,IDS@UNLV 08/27/2022 03:30PM ET,IDS,0
RB,Keoua Kauhi (23741082),Keoua Kauhi,23741082,RB/FLEX/S-FLEX,3000,IDS@UNLV 08/27/2022 03:30PM ET,IDS,0
RB,Billy Moore (23741118),Billy Moore,23741118,RB/FLEX/S-FLEX,3000,IDS@UNLV 08/27/2022 03:30PM ET,IDS,0
RB,Jack Whitmer (23741121),Jack Whitmer,23741121,RB/FLEX/S-FLEX,3000,IDS@UNLV 08/27/2022 03:30PM ET,IDS,0
RB,Damir Collins (23741124),Damir Collins,23741124,RB/FLEX/S-FLEX,3000,IDS@UNLV 08/27/2022 03:30PM ET,IDS,0
WR,Brye Lighon (23741463),Brye Lighon,23741463,WR/FLEX/S-FLEX,3000,IDS@UNLV 08/27/2022 03:30PM ET,UNLV,1.7
WR,Cyrus Wallace (23741499),Cyrus Wallace,23741499,WR/FLEX/S-FLEX,3000,IDS@UNLV 08/27/2022 03:30PM ET,IDS,0
WR,Preston Helwege (23741502),Preston Helwege,23741502,WR/FLEX/S-FLEX,3000,IDS@UNLV 08/27/2022 03:30PM ET,IDS,0
WR,Joseph Bertao (23741505),Joseph Bertao,23741505,WR/FLEX/S-FLEX,3000,IDS@UNLV 08/27/2022 03:30PM ET,IDS,0
WR,Maika Heck (23741508),Maika Heck,23741508,WR/FLEX/S-FLEX,3000,IDS@UNLV 08/27/2022 03:30PM ET,IDS,0
WR,Seth Turnage (23741511),Seth Turnage,23741511,WR/FLEX/S-FLEX,3000,IDS@UNLV 08/27/2022 03:30PM ET,IDS,0
WR,Matthew Almgren (23741514),Matthew Almgren,23741514,WR/FLEX/S-FLEX,3000,IDS@UNLV 08/27/2022 03:30PM ET,IDS,0
WR,Kurtis Atkinson (23741517),Kurtis Atkinson,23741517,WR/FLEX/S-FLEX,3000,IDS@UNLV 08/27/2022 03:30PM ET,IDS,0
WR,Mike Davis (23741520),Mike Davis,23741520,WR/FLEX/S-FLEX,3000,IDS@UNLV 08/27/2022 03:30PM ET,IDS,2.2
WR,Sebastian McQuigg (23741523),Sebastian McQuigg,23741523,WR/FLEX/S-FLEX,3000,IDS@UNLV 08/27/2022 03:30PM ET,UNLV,0
WR,Kue Olotoa (23741526),Kue Olotoa,23741526,WR/FLEX/S-FLEX,3000,IDS@UNLV 08/27/2022 03:30PM ET,UNLV,0
WR,Deamikkio Nathan II (23741664),Deamikkio Nathan II,23741664,WR/FLEX/S-FLEX,3000,IDS@UNLV 08/27/2022 03:30PM ET,UNLV,0
WR,Marcus Phillips Jr. (23741670),Marcus Phillips Jr.,23741670,WR/FLEX/S-FLEX,3000,IDS@UNLV 08/27/2022 03:30PM ET,UNLV,6.7
WR,Kalvin Souders (23741679),Kalvin Souders,23741679,WR/FLEX/S-FLEX,3000,IDS@UNLV 08/27/2022 03:30PM ET,UNLV,0
WR,Steve Jenkins (23741682),Steve Jenkins,23741682,WR/FLEX/S-FLEX,3000,IDS@UNLV 08/27/2022 03:30PM ET,UNLV,13.44
WR,Christian Willis (23741694),Christian Willis,23741694,WR/FLEX/S-FLEX,3000,IDS@UNLV 08/27/2022 03:30PM ET,UNLV,0
WR,Kaysen Isom (23741811),Kaysen Isom,23741811,WR/FLEX/S-FLEX,3000,IDS@UNLV 08/27/2022 03:30PM ET,IDS,0
WR,Jovan Sowell (23741814),Jovan Sowell,23741814,WR/FLEX/S-FLEX,3000,IDS@UNLV 08/27/2022 03:30PM ET,IDS,0
WR,Aidan Garcia (23741817),Aidan Garcia,23741817,WR/FLEX/S-FLEX,3000,IDS@UNLV 08/27/2022 03:30PM ET,IDS,0
WR,Bryler Shurtliff (23741820),Bryler Shurtliff,23741820,WR/FLEX/S-FLEX,3000,IDS@UNLV 08/27/2022 03:30PM ET,IDS,0
WR,Demonte Horton (23741823),Demonte Horton,23741823,WR/FLEX/S-FLEX,3000,IDS@UNLV 08/27/2022 03:30PM ET,IDS,4.7
WR,Brandon Johnson (23741826),Brandon Johnson,23741826,WR/FLEX/S-FLEX,3000,IDS@UNLV 08/27/2022 03:30PM ET,IDS,0
WR,Julian Mason (23741829),Julian Mason,23741829,WR/FLEX/S-FLEX,3000,IDS@UNLV 08/27/2022 03:30PM ET,IDS,0
WR,Connor Maloney (23741832),Connor Maloney,23741832,WR/FLEX/S-FLEX,3000,IDS@UNLV 08/27/2022 03:30PM ET,IDS,0
WR,Oakley Hussey (23741835),Oakley Hussey,23741835,WR/FLEX/S-FLEX,3000,IDS@UNLV 08/27/2022 03:30PM ET,IDS,0
WR,Jeff Harris (23741838),Jeff Harris,23741838,WR/FLEX/S-FLEX,3000,IDS@UNLV 08/27/2022 03:30PM ET,IDS,0
WR,Jalen Johnson (23741841),Jalen Johnson,23741841,WR/FLEX/S-FLEX,3000,IDS@UNLV 08/27/2022 03:30PM ET,IDS,0
WR,Chedon James (23741844),Chedon James,23741844,WR/FLEX/S-FLEX,3000,IDS@UNLV 08/27/2022 03:30PM ET,IDS,0
WR,Senika McKie (23741847),Senika McKie,23741847,WR/FLEX/S-FLEX,3000,IDS@UNLV 08/27/2022 03:30PM ET,UNLV,0
WR,Jordan Riles (23741850),Jordan Riles,23741850,WR/FLEX/S-FLEX,3000,IDS@UNLV 08/27/2022 03:30PM ET,UNLV,0
WR,Malik Bradford (23741853),Malik Bradford,23741853,WR/FLEX/S-FLEX,3000,IDS@UNLV 08/27/2022 03:30PM ET,UNLV,0
WR,Nick Williams (23741856),Nick Williams,23741856,WR/FLEX/S-FLEX,3000,IDS@UNLV 08/27/2022 03:30PM ET,UNLV,0
RB,R.J. Ellis (23741073),R.J. Ellis,23741073,RB/FLEX/S-FLEX,3000,APSU@WKU 08/27/2022 12:00PM ET,WKU,0
RB,Zavione Wood (23741103),Zavione Wood,23741103,RB/FLEX/S-FLEX,3000,APSU@WKU 08/27/2022 12:00PM ET,WKU,0
RB,LT Sanders (23741106),LT Sanders,23741106,RB/FLEX/S-FLEX,3000,APSU@WKU 08/27/2022 12:00PM ET,WKU,0
RB,Jariel Wilson (23741109),Jariel Wilson,23741109,RB/FLEX/S-FLEX,3000,APSU@WKU 08/27/2022 12:00PM ET,APSU,1.43
RB,Iven Dayton (23741112),Iven Dayton,23741112,RB/FLEX/S-FLEX,3000,APSU@WKU 08/27/2022 12:00PM ET,APSU,0
RB,Nicholas Fields (23741115),Nicholas Fields,23741115,RB/FLEX/S-FLEX,3000,APSU@WKU 08/27/2022 12:00PM ET,APSU,0
WR,Brandon Lanier (23741469),Brandon Lanier,23741469,WR/FLEX/S-FLEX,3000,APSU@WKU 08/27/2022 12:00PM ET,APSU,0
WR,River Helms (23741490),River Helms,23741490,WR/FLEX/S-FLEX,3000,APSU@WKU 08/27/2022 12:00PM ET,WKU,0
WR,Dane Saltarelli (23741493),Dane Saltarelli,23741493,WR/FLEX/S-FLEX,3000,APSU@WKU 08/27/2022 12:00PM ET,WKU,0
WR,Noah Williams (23741496),Noah Williams,23741496,WR/FLEX/S-FLEX,3000,APSU@WKU 08/27/2022 12:00PM ET,APSU,0
WR,Kendall Abdur-Rahman (23741688),Kendall Abdur-Rahman,23741688,WR/FLEX/S-FLEX,3000,APSU@WKU 08/27/2022 12:00PM ET,WKU,0.5
WR,Denzil Alleyne (23741742),Denzil Alleyne,23741742,WR/FLEX/S-FLEX,3000,APSU@WKU 08/27/2022 12:00PM ET,WKU,0
WR,Jax Cooper (23741745),Jax Cooper,23741745,WR/FLEX/S-FLEX,3000,APSU@WKU 08/27/2022 12:00PM ET,WKU,0
WR,KD Hutchinson (23741748),KD Hutchinson,23741748,WR/FLEX/S-FLEX,3000,APSU@WKU 08/27/2022 12:00PM ET,WKU,0
WR,Tomi Mustapha (23741751),Tomi Mustapha,23741751,WR/FLEX/S-FLEX,3000,APSU@WKU 08/27/2022 12:00PM ET,WKU,0
WR,Easton Messer (23741754),Easton Messer,23741754,WR/FLEX/S-FLEX,3000,APSU@WKU 08/27/2022 12:00PM ET,WKU,0
WR,Demarcus Johnson (23741757),Demarcus Johnson,23741757,WR/FLEX/S-FLEX,3000,APSU@WKU 08/27/2022 12:00PM ET,WKU,0
WR,TeeJay Taylor (23741760),TeeJay Taylor,23741760,WR/FLEX/S-FLEX,3000,APSU@WKU 08/27/2022 12:00PM ET,WKU,0
WR,Adarrius Harshaw (23741763),Adarrius Harshaw,23741763,WR/FLEX/S-FLEX,3000,APSU@WKU 08/27/2022 12:00PM ET,APSU,0
WR,Kellen Stewart (23741766),Kellen Stewart,23741766,WR/FLEX/S-FLEX,3000,APSU@WKU 08/27/2022 12:00PM ET,APSU,0
WR,Justin Williams (23741769),Justin Williams,23741769,WR/FLEX/S-FLEX,3000,APSU@WKU 08/27/2022 12:00PM ET,APSU,0
WR,DJ Carter (23741772),DJ Carter,23741772,WR/FLEX/S-FLEX,3000,APSU@WKU 08/27/2022 12:00PM ET,APSU,0
WR,JaQuan Randolph (23741775),JaQuan Randolph,23741775,WR/FLEX/S-FLEX,3000,APSU@WKU 08/27/2022 12:00PM ET,APSU,0
WR,Jahlani Biddersingh (23741778),Jahlani Biddersingh,23741778,WR/FLEX/S-FLEX,3000,APSU@WKU 08/27/2022 12:00PM ET,APSU,0
WR,Tae Gayden (23741781),Tae Gayden,23741781,WR/FLEX/S-FLEX,3000,APSU@WKU 08/27/2022 12:00PM ET,APSU,0
WR,Jeremiah Flemmons (23741784),Jeremiah Flemmons,23741784,WR/FLEX/S-FLEX,3000,APSU@WKU 08/27/2022 12:00PM ET,APSU,0
WR,Cameron Goodson (23741787),Cameron Goodson,23741787,WR/FLEX/S-FLEX,3000,APSU@WKU 08/27/2022 12:00PM ET,APSU,0
WR,Kenny Odom (23741790),Kenny Odom,23741790,WR/FLEX/S-FLEX,3000,APSU@WKU 08/27/2022 12:00PM ET,APSU,0
WR,Spencer Mimms (23741793),Spencer Mimms,23741793,WR/FLEX/S-FLEX,3000,APSU@WKU 08/27/2022 12:00PM ET,APSU,0
WR,Kam Thomas (23741796),Kam Thomas,23741796,WR/FLEX/S-FLEX,3000,APSU@WKU 08/27/2022 12:00PM ET,APSU,0
WR,Trey Goodman (23741799),Trey Goodman,23741799,WR/FLEX/S-FLEX,3000,APSU@WKU 08/27/2022 12:00PM ET,APSU,2.32
WR,Marcus McGhee (23741802),Marcus McGhee,23741802,WR/FLEX/S-FLEX,3000,APSU@WKU 08/27/2022 12:00PM ET,APSU,0
WR,Tre Shackelford (23741805),Tre Shackelford,23741805,WR/FLEX/S-FLEX,3000,APSU@WKU 08/27/2022 12:00PM ET,APSU,2.8
WR,Armond Carter Jr. (23741808),Armond Carter Jr.,23741808,WR/FLEX/S-FLEX,3000,APSU@WKU 08/27/2022 12:00PM ET,APSU,1.8
