player_id,team,opp,pos,name,fpts,proj_own,min_exposure,max_exposure,salary,custom,rg_id,partner_id
1181702,MICH,IU,WR,Hunter Neff,,0,0,0,3000,,,1181702
1180415,PUR,UMD,WR,Garrett Miller,,0,0,0,3000,,,1180415
1180448,PUR,UMD,WR,Milton Wright,,0,0,0,3000,,,1180448
1183605,UF,MIZZ,WR,Justin Curtis,,0,0,0,3000,,,1183605
1181317,AUB,UGA,WR,Tommy Nesmith,,0,0,0,3000,,,1181317
1380615,MSU,OSU,QB,Katin Houser,,0,0,0,4500,,,1380615
1074727,MICH,IU,WR,Carter Selzer,,0,0,0,3000,,,1074727
1290129,MISS,VAND,RB,Matt Jones,,0,0,0,3000,,,1290129
1383915,MSST,ARK,RB,Javaris Bufford,,0,0,0,3000,,,1383915
1285905,UT,OU,WR,Agiye Hall,1.75,0,0,0,3000,,,1285905
1380648,AUB,UGA,WR,Jake Kruse,,0,0,0,3000,,,1380648
1394816,UF,MIZZ,WR,Scott Isacks III,,0,0,0,3000,,,1394816
1164806,MIZZ,UF,WR,Demariyon Houston,,0,0,0,3000,,,1164806
1285949,UF,MIZZ,WR,Nick Elksnis,,0,0,0,3000,,,1285949
1395949,UGA,AUB,RB,Andrew Paul,,0,0,0,3000,,,1395949
1381209,TENN,LSU,WR,Titus Rohrer,,0,0,0,3000,,,1381209
1231829,OKST,TTU,RB,Deondre Jackson,1.69,0,0,0,3000,,,1231829
1180812,TCU,KU,WR,Brent Matiscik,,0,0,0,3000,,,1180812
976966,TENN,LSU,QB,Hendon Hooker,28.9,23,0,0,8100,,,976966
1180999,LSU,TENN,WR,Evan Francioni,0.66,0,0,0,3000,,,1180999
1390824,MIZZ,UF,RB,Anthony Favrow,,0,0,0,3000,,,1390824
1193737,UF,MIZZ,QB,Jack Anders,,0,0,0,4500,,,1193737
1193748,UF,MIZZ,WR,William Sawyer,,0,0,0,3000,,,1193748
1181659,MICH,IU,WR,Cornelius Johnson,9.17,1,0,0,3900,,,1181659
1182627,UGA,AUB,RB,Sevaughn Clark,1.01,0,0,0,3000,,,1182627
1074706,MICH,IU,WR,Joel Honigford,,0,0,0,3400,,,1074706
1172969,MISS,VAND,WR,Dayton Wade,1.36,0,0,0,3400,,,1172969
1380616,VAND,MISS,WR,Jayden McGowan,10.63,0,0,0,6700,,,1380616
1290108,ARK,MSST,WR,Zach Lee,,0,0,0,3000,,,1290108
1380627,MSU,OSU,WR,Jack Nickel,,0,0,0,3000,,,1380627
1229092,PUR,UMD,QB,Christian Gelov,,0,0,0,4500,,,1229092
1383916,MSST,ARK,RB,Ashtanyrein Duncan,,0,0,0,3000,,,1383916
1380649,AUB,UGA,WR,Colby Stafford,,0,0,0,3000,,,1380649
1285917,UGA,AUB,WR,Brock Bowers,18.35,12,0,0,7100,,,1285917
1381749,MSST,ARK,WR,Kade Kolka,,0,0,0,3000,,,1381749
1286709,OKST,TTU,WR,Vance Hooper,,0,0,0,3000,,,1286709
1390814,MIZZ,UF,QB,Brett Brown,,0,0,0,4500,,,1390814
1390836,MIZZ,UF,QB,Sam Horn,,0,0,0,4500,,,1390836
1181638,MICH,IU,WR,Mathew Harrison,,0,0,0,3000,,,1181638
1180428,PUR,UMD,WR,Mershawn Rice,5.67,0,0,0,4000,,,1180428
1161816,TENN,LSU,WR,Ramel Keyton,11.3,9,0,0,3800,,,1161816
1229071,OU,UT,QB,Micah Bowens,,0,0,0,4500,,,1229071
1329270,UGA,AUB,WR,Woody Waters,,0,0,0,3000,,,1329270
1380617,AUB,UGA,WR,Jay Fair,0.45,0,0,0,3000,,,1380617
1380628,AUB,UGA,RB,Wise Gordon,,0,0,0,3000,,,1380628
1383807,MISS,VAND,RB,Quinshon Judkins,22.2,15,0,0,6400,,,1383807
1285929,UF,MIZZ,QB,Jalen Kitna,,0,0,0,5700,,,1285929
1066919,UT,OU,WR,Tarique Milton,2.74,0,0,0,3500,,,1066919
1171816,IU,MICH,QB,Connor Bazelak,14.32,1,0,0,5300,,,1171816
1229171,TCU,KU,QB,Chandler Morris,,0,0,0,6000,,,1229171
1285908,UGA,AUB,WR,Adonai Mitchell,,0,0,0,6100,,,1285908
1214080,MSU,OSU,WR,Christian Fitzpatrick,0.58,0,0,0,3000,,,1214080
1106280,UTAH,UCLA,QB,Cameron Rising,21.84,3,0,0,7900,,,1106280
1229370,OKST,TTU,WR,Rashod Owens,0.75,0,0,0,3200,,,1229370
1229095,MISS,VAND,WR,Lex Boucvalt,,0,0,0,3000,,,1229095
1383919,MSST,ARK,WR,Nick Lauderdale,,0,0,0,3000,,,1383919
1319185,AUB,UGA,RB,Jarquez Hunter,3.44,0,0,0,4600,,,1319185
1409220,ASU,UW,QB,Max Clark,,0,0,0,4500,,,1409220
1248060,ASU,UW,WR,Giovanni Sanders,5.88,0,0,0,3600,,,1248060
1215071,UCLA,UTAH,WR,Logan Loya,2.74,0,0,0,3900,,,1215071
1216094,MIZZ,UF,WR,Micah Manning,,0,0,0,3000,,,1216094
1229096,TCU,KU,WR,Ben Reppenhagen,,0,0,0,3000,,,1229096
1319252,TENN,LSU,WR,Nigel Lanier,,0,0,0,3000,,,1319252
1329295,UGA,AUB,RB,Gleaton Jones,,0,0,0,3000,,,1329295
1319142,AUB,UGA,RB,Jordon Ingram,,0,0,0,3000,,,1319142
1319274,TENN,LSU,RB,Patrick Wilk,1.3,0,0,0,3000,,,1319274
1319175,AUB,UGA,WR,Tar'Varish Dawson Jr.,1.59,0,0,0,3000,,,1319175
1229680,MICH,IU,RB,Nico Tiberia,,0,0,0,3000,,,1229680
1214082,OSU,MSU,WR,Julian Fleming,9.16,7,0,0,5000,,,1214082
1400180,VAND,MISS,WR,Cole Spence,0.5,0,0,0,3000,,,1400180
1229691,MICH,IU,WR,Sam Staruch,,0,0,0,3000,,,1229691
1229493,IU,MICH,WR,David Baker,,0,0,0,3000,,,1229493
1406560,TCU,KU,RB,Brant Ahlfinger,,0,0,0,3000,,,1406560
1406571,TCU,KU,WR,Hunter Krepp,,0,0,0,3000,,,1406571
1329285,UGA,AUB,QB,Collin Drake,,0,0,0,4500,,,1329285
973946,TTU,OKST,WR,Chadarius Townsend,,0,0,0,3000,,,973946
1379280,PUR,UMD,QB,Kyle Adams,,0,0,0,4500,,,1379280
1180829,KU,TCU,QB,Jordan Preston,,0,0,0,4500,,,1180829
1106382,UMD,PUR,WR,Jeshaun Jones,10.68,2,0,0,4900,,,1106382
1229681,MICH,IU,RB,Isaiah Gash,0.75,0,0,0,3000,,,1229681
1400071,ASU,UW,WR,Zeek Freeman,0.51,0,0,0,3000,,,1400071
1317230,UMD,PUR,RB,Roman Hemby,14.83,2,0,0,5200,,,1317230
1319265,TENN,LSU,WR,Julian Nixon,,0,0,0,3000,,,1319265
1223290,ASU,UW,WR,Cade Veach,,0,0,0,3000,,,1223290
1213390,MIZZ,UF,RB,Elijah Young,,0,0,0,4000,,,1213390
1246181,UCLA,UTAH,RB,Brian Kowall,,0,0,0,3000,,,1246181
1181809,MIZZ,UF,WR,Tyler Stephens,1.02,0,0,0,3400,,,1181809
1214084,OSU,MSU,QB,C.J. Stroud,28.4,19,0,0,9200,,,1214084
1229693,MICH,IU,WR,Matthew Hibner,,0,0,0,3000,,,1229693
1128075,UCLA,UTAH,WR,Kazmeir Allen,11.34,2,0,0,5100,,,1128075
1239285,OKST,TTU,WR,Cale Cabbiness,3.31,0,0,0,3000,,,1239285
1128086,UCLA,UTAH,WR,Michael Ezeike,2.76,0,0,0,3500,,,1128086
1229363,OKST,TTU,RB,Zach Middleton,1.04,0,0,0,3000,,,1229363
1317231,UMD,PUR,WR,Kai Holloway,,0,0,0,3000,,,1317231
1229055,MISS,VAND,RB,Kentrel Bullock,1.1,0,0,0,3000,,,1229055
1229187,OU,UT,WR,Brian Darby,,0,0,0,3000,,,1229187
1409224,MIZZ,UF,WR,Tucker Miller,,0,0,0,3000,,,1409224
1118670,MICH,IU,WR,Zach Peterson,,0,0,0,3000,,,1118670
1214041,PUR,UMD,WR,Abdur-Rahmaan Yaseen,0.76,0,0,0,3800,,,1214041
1325240,WISC,NW,WR,Alex Moeller,,0,0,0,3000,,,1325240
1229540,MICH,IU,RB,Blake Corum,28.43,15,0,0,7900,,,1229540
1107462,IU,MICH,QB,Jack Tuttle,,0,0,0,4500,,,1107462
1400040,UW,ASU,WR,John Frazier,,0,0,0,3000,,,1400040
1218661,UGA,AUB,WR,Davis Day,,0,0,0,3000,,,1218661
1214085,UF,MIZZ,QB,Jack Miller III,,0,0,0,4500,,,1214085
1315483,NW,WISC,WR,Jasper Stratton,,0,0,0,3000,,,1315483
1402493,KU,TCU,WR,Cole Rhoden,,0,0,0,3000,,,1402493
1229353,ASU,UW,WR,Ryan Morgan,,0,0,0,3000,,,1229353
1229474,MICH,IU,WR,Josh Beetham,,0,0,0,3000,,,1229474
1107033,UTAH,UCLA,RB,Tavion Thomas,12.03,4,0,0,8400,,,1107033
1317221,UMD,PUR,WR,Maxwell Brown,,0,0,0,3000,,,1317221
1229386,OKST,TTU,WR,Brennan Presley,9.85,2,0,0,5100,,,1229386
1404077,MICH,IU,QB,Brandon Mann,,0,0,0,4500,,,1404077
1299071,MISS,VAND,QB,Alex Grado,,0,0,0,4500,,,1299071
1409225,MIZZ,UF,RB,Ethan Wood,,0,0,0,3000,,,1409225
1213480,ASU,UW,RB,Daniyel Ngata,5.62,2,0,0,3200,,,1213480
1213381,ARK,MSST,QB,Kade Renfro,,0,0,0,4500,,,1213381
1321082,MSST,ARK,QB,Jake Weir,,0,0,0,4500,,,1321082
1117352,UF,MIZZ,WR,Griffin McDowell,,0,0,0,3000,,,1117352
1248032,AUB,UGA,QB,Robby Ashford,16.43,4,0,0,5000,,,1248032
1214042,MSU,OSU,WR,Maliq Carr,1.64,0,0,0,3000,,,1214042
1226384,UMD,PUR,RB,Challen Faamatau,,0,0,0,3000,,,1226384
1218651,UGA,AUB,WR,Marcus Rosemy-Jacksaint,8.08,0,0,0,3800,,,1218651
1229541,MICH,IU,WR,A.J. Henning,1.1,0,0,0,3500,,,1229541
1325494,LSU,TENN,WR,Gabe Leonards,,0,0,0,3000,,,1325494
1214185,AUB,UGA,WR,Dazalin Worsham,0.83,0,0,0,3000,,,1214185
1215285,IU,MICH,WR,James Bomba,0.63,0,0,0,3000,,,1215285
1405860,MICH,IU,QB,Declan Byle,,0,0,0,4500,,,1405860
1229321,AUB,UGA,WR,Ze'Vian Capers,0.37,0,0,0,3000,,,1229321
1107232,UCLA,UTAH,WR,Colson Yankoff,1.13,0,0,0,3000,,,1107232
1214086,MIZZ,UF,WR,Mookie Cooper,6.34,0,0,0,4200,,,1214086
1229332,AUB,UGA,WR,Jackson Billings,,0,0,0,3000,,,1229332
1228243,UTAH,UCLA,QB,Ja'Quinden Jackson,,0,0,0,6400,,,1228243
1402494,KU,TCU,WR,Quinton Conley,,0,0,0,3000,,,1402494
1400074,OU,UT,RB,Tawee Walker,3.06,0,0,0,3000,,,1400074
1228254,UT,OU,WR,Paxton Anderson,,0,0,0,3000,,,1228254
1227165,PUR,UMD,RB,Dylan Downing,11.41,2,0,0,5000,,,1227165
1329300,UGA,AUB,WR,Logan Johnson,,0,0,0,3000,,,1329300
1229497,IU,MICH,WR,Javon Swinton,1.45,0,0,0,4000,,,1229497
1229057,MISS,VAND,RB,Urriah Shephard,,0,0,0,3000,,,1229057
1229189,OU,UT,WR,Trevon West,,0,0,0,3000,,,1229189
1329289,UGA,AUB,RB,Cash Jones,1.01,0,0,0,3000,,,1329289
1178193,UCLA,UTAH,WR,Mike Martinez,,0,0,0,3000,,,1178193
1404089,LSU,TENN,WR,Cowinn Helaire,,0,0,0,3000,,,1404089
1244270,AUB,UGA,WR,Malcolm Johnson Jr.,2.88,0,0,0,3000,,,1244270
1320390,OU,UT,WR,Jalil Farooq,7.31,0,0,0,5200,,,1320390
1243093,UF,MIZZ,WR,Kahleil Jackson,,0,0,0,3000,,,1243093
1399062,OU,UT,RB,Gavin Sawchuk,2.35,0,0,0,3000,,,1399062
1213360,LSU,TENN,WR,Kole Taylor,1.27,0,0,0,3200,,,1213360
1213492,ASU,UW,QB,Daylin McLemore,,0,0,0,4500,,,1213492
1311150,OSU,MSU,WR,Reis Stocksdale,,0,0,0,3000,,,1311150
1311172,ARK,MSST,WR,Chase Lowery,,0,0,0,3000,,,1311172
1246195,UCLA,UTAH,WR,Bradley Schlom,,0,0,0,3000,,,1246195
1229871,MSU,OSU,WR,Aubrey Dawkins,,0,0,0,3000,,,1229871
1325231,WISC,NW,RB,Braelon Allen,21.98,11,0,0,8500,,,1325231
1325594,PUR,UMD,RB,Devin Mockobee,12.09,10,0,0,3500,,,1325594
1218641,UGA,AUB,RB,Kurt Knisely,,0,0,0,3600,,,1218641
1215022,UF,MIZZ,QB,Anthony Richardson,25.91,12,0,0,6800,,,1215022
1229674,MICH,IU,WR,Jake Thaw,,0,0,0,3000,,,1229674
1315474,NW,WISC,QB,Cole Freeman,,0,0,0,4500,,,1315474
1229201,OU,UT,WR,Jackson Sumlin,,0,0,0,3000,,,1229201
1229322,PUR,UMD,WR,Elijah Canion,,0,0,0,3000,,,1229322
1214087,OSU,MSU,WR,Jaxon Smith-Njigba,,0,0,0,7500,,,1214087
1229333,AUB,UGA,WR,J.J. Evans,,0,0,0,3000,,,1229333
1228244,UT,OU,RB,Bijan Robinson,30.44,28,0,0,9000,,,1228244
1229344,ASU,UW,RB,Deonce Elliott,,0,0,0,3000,,,1229344
1405421,UCLA,UTAH,RB,Jack Pedersen,,0,0,0,3000,,,1405421
1400097,VAND,MISS,QB,Walter Taylor,,0,0,0,4500,,,1400097
1286390,TTU,OKST,WR,Mason Tharp,4.93,0,0,0,3300,,,1286390
1317234,UMD,PUR,WR,Leron Husbands,,0,0,0,3000,,,1317234
1398150,MSST,ARK,WR,Marquez Dortch,,0,0,0,3000,,,1398150
1389581,TTU,OKST,WR,Coy Eakin,,0,0,0,3000,,,1389581
1399151,UT,OU,WR,Remy Patson,,0,0,0,3000,,,1399151
1233150,AUB,UGA,RB,Justin Jones,,0,0,0,3000,,,1233150
1225681,KU,TCU,QB,Jalon Daniels,25.7,14,0,0,6900,,,1225681
1115571,VAND,MISS,WR,Ben Bresnahan,4.12,0,0,0,3400,,,1115571
1213350,AUB,UGA,QB,T.J. Finley,,0,0,0,4900,,,1213350
1213482,ASU,UW,WR,Elijhah Badger,12.86,0,0,0,7600,,,1213482
1215792,MISS,VAND,RB,Zach Evans,19.78,6,0,0,7200,,,1215792
1213493,ASU,UW,WR,Jake Ray,,0,0,0,3000,,,1213493
1228750,TTU,OKST,WR,Jason Lloyd,,0,0,0,3000,,,1228750
1321073,MSST,ARK,QB,Sawyer Robertson,,0,0,0,7000,,,1321073
1246174,UCLA,UTAH,WR,Matt Sykes,1.67,0,0,0,3000,,,1246174
1379274,PUR,UMD,QB,Drake Hagerman,,0,0,0,4500,,,1379274
1128573,MISS,VAND,WR,Jonathan Hess,,0,0,0,3000,,,1128573
1246185,UCLA,UTAH,WR,Devanti Dillard,,0,0,0,3000,,,1246185
1229850,MSU,OSU,WR,Sebastian Brown,,0,0,0,3000,,,1229850
1325572,MICH,IU,WR,Noah Howes,,0,0,0,3000,,,1325572
1325583,MICH,IU,WR,Peyton O'Leary,0.64,0,0,0,3000,,,1325583
1325232,WISC,NW,WR,Markus Allen,3.55,0,0,0,3500,,,1325232
1218653,UGA,AUB,WR,Arian Smith,1.28,0,0,0,3000,,,1218653
1172090,VAND,MISS,WR,Devin Boddie Jr.,2.35,0,0,0,6100,,,1172090
1229675,MICH,IU,WR,Christian Bartholomew,,0,0,0,3000,,,1229675
1225088,KU,TCU,RB,Jack Codwell,,0,0,0,3000,,,1225088
1401022,MSU,OSU,WR,Alex Watters,,0,0,0,3000,,,1401022
1229323,AUB,UGA,QB,Sawyer Pate,,0,0,0,4500,,,1229323
1214088,OSU,MSU,WR,Gee Scott Jr.,0.76,0,0,0,3000,,,1214088
1229334,AUB,UGA,WR,Brandon Frazier,0.45,0,0,0,3000,,,1229334
1228256,UT,OU,WR,Dajon Harrison,,0,0,0,3000,,,1228256
1329302,UGA,AUB,WR,Mekhi Mews,,0,0,0,3000,,,1329302
1405422,UCLA,UTAH,WR,Braden Pegan,,0,0,0,3000,,,1405422
1400098,VAND,MISS,QB,Drew Dickey,,0,0,0,4500,,,1400098
1108004,UTAH,UCLA,WR,Brant Kuithe,,0,0,0,3000,,,1108004
1286391,TTU,OKST,WR,Nehemiah Martinez I,7.75,3,0,0,3000,,,1286391
1317246,UMD,PUR,RB,Antwain Littleton II,12.21,11,0,0,3600,,,1317246
1286292,UW,ASU,QB,Sam Huard,,0,0,0,4500,,,1286292
1406566,TCU,KU,WR,Joe Staubach,,0,0,0,3000,,,1406566
1317147,ARK,MSST,WR,Erin Outley,,0,0,0,3000,,,1317147
1229059,MISS,VAND,RB,Bobo Miller,,0,0,0,3000,,,1229059
1377790,OKST,TTU,WR,Peyton Kramer,,0,0,0,3000,,,1377790
1378780,MICH,IU,WR,Darrius Clemons,0.64,0,0,0,3000,,,1378780
1121050,UCLA,UTAH,WR,Jake Bobo,12.75,1,0,0,6500,,,1121050
1386282,UW,ASU,QB,Andrew Sirmon,,0,0,0,4500,,,1386282
1399141,UT,OU,QB,Joe Tatum,,0,0,0,4500,,,1399141
1213560,KU,TCU,RB,Ky Thomas,2.01,0,0,0,3900,,,1213560
1125120,UGA,AUB,WR,Steven Peterson,,0,0,0,3000,,,1125120
1213340,UGA,AUB,QB,Carson Beck,,0,0,0,6900,,,1213340
1225682,TTU,OKST,WR,Jordan Brown,0.59,0,0,0,3000,,,1225682
1379231,OSU,MSU,WR,Bennett Christian,,0,0,0,3000,,,1379231
1106992,UF,MIZZ,RB,Lorenzo Lingard,0.87,0,0,0,3000,,,1106992
1225693,KU,TCU,WR,Trevor Kardell,1.35,0,0,0,3000,,,1225693
1136395,OSU,MSU,WR,Xavier Johnson,1.45,0,0,0,3000,,,1136395
1213362,LSU,TENN,WR,Kayshon Boutte,9.79,1,0,0,4800,,,1213362
1321063,MISS,VAND,WR,Jacobi Moore,,0,0,0,3000,,,1321063
1126385,UCLA,UTAH,RB,Keegan Jones,6.94,0,0,0,5000,,,1126385
1229840,IU,MICH,WR,Sam Daugstrup,,0,0,0,3000,,,1229840
1400461,ASU,UW,WR,Cooper Wallace,,0,0,0,3000,,,1400461
1325562,MICH,IU,WR,Max Bredeson,1.22,0,0,0,3000,,,1325562
1229851,MSU,OSU,WR,Zach Gillespie,,0,0,0,3000,,,1229851
1246197,UCLA,UTAH,WR,Grant Norberg,,0,0,0,3000,,,1246197
1214034,NW,WISC,QB,Carl Richardson,,0,0,0,4500,,,1214034
1218643,UGA,AUB,WR,Ladd McConkey,14.49,2,0,0,5500,,,1218643
1400033,UW,ASU,QB,Jackson Jones,,0,0,0,4500,,,1400033
1218665,UGA,AUB,WR,George Vining,,0,0,0,3000,,,1218665
1215035,AUB,UGA,RB,Tank Bigsby,9.3,0,0,0,5500,,,1215035
1229676,MICH,IU,WR,Will Rolapp,,0,0,0,3000,,,1229676
1406600,TCU,KU,WR,Parker Clark,,0,0,0,3000,,,1406600
1400077,OU,UT,QB,General Booty,,0,0,0,4500,,,1400077
1205388,KU,TCU,RB,Gayflor Flomo,,0,0,0,3000,,,1205388
1286480,MIZZ,UF,WR,Dominic Lovett,14.45,17,0,0,3800,,,1286480
1405412,UCLA,UTAH,WR,Jadyn Marshall,0.6,0,0,0,3000,,,1405412
1286260,MISS,VAND,QB,Jaxson Dart,25.77,9,0,0,7500,,,1286260
1175182,OSU,MSU,WR,Cade Stover,10.52,7,0,0,4000,,,1175182
1168780,UTAH,UCLA,RB,Micah Bernard,10.38,0,0,0,4900,,,1168780
1396040,UMD,PUR,WR,Octavian Smith Jr.,0.67,0,0,0,3000,,,1396040
1406556,TCU,KU,QB,Jacob Porter,,0,0,0,4500,,,1406556
1317258,UMD,PUR,WR,Robert Smith,,0,0,0,3200,,,1317258
1122580,OSU,MSU,WR,Kamryn Babb,,0,0,0,3000,,,1122580
1386283,UW,ASU,RB,Emeka Megwa,,0,0,0,3000,,,1386283
1398163,NW,WISC,WR,Chris Petrucci,,0,0,0,3000,,,1398163
1389220,AUB,UGA,WR,Whit Johnson,,0,0,0,3000,,,1389220
1399142,UT,OU,RB,Ky Woods,,0,0,0,3000,,,1399142
1379320,TCU,KU,QB,Josh Hoover,,0,0,0,4500,,,1379320
1379331,TCU,KU,WR,Jordan Hudson,3.29,0,0,0,3700,,,1379331
1213451,VAND,MISS,QB,Ken Seals,,0,0,0,4500,,,1213451
1379221,OSU,MSU,WR,Caleb Burton,,0,0,0,3000,,,1379221
1225683,KU,TCU,WR,Steven McBride,0.71,0,0,0,3400,,,1225683
1117762,UTAH,UCLA,WR,Tiquan Gilmore,0.82,0,0,0,3000,,,1117762
1225694,KU,TCU,WR,Jared Casey,3.07,0,0,0,3000,,,1225694
1228730,TTU,OKST,RB,Tahj Brooks,15.04,5,0,0,5800,,,1228730
1214331,ARK,MSST,WR,Harper Cole,,0,0,0,3000,,,1214331
1213363,LSU,TENN,RB,Tre Bradford,,0,0,0,3000,,,1213363
1226684,LSU,TENN,WR,Gregory Clayton Jr.,,0,0,0,3000,,,1226684
1137023,UF,MIZZ,WR,Daniel Cross,,0,0,0,3000,,,1137023
1401650,WISC,NW,WR,Chris Brooks Jr.,,0,0,0,3000,,,1401650
1325541,IU,MICH,WR,Eli Jochem,,0,0,0,3000,,,1325541
1106300,MICH,IU,QB,Alan Bowman,,0,0,0,5000,,,1106300
1226343,UMD,PUR,WR,Rakim Jarrett,13.75,2,0,0,5700,,,1226343
1311175,ARK,MSST,WR,Landon Rogers,,0,0,0,3000,,,1311175
1378088,KU,TCU,WR,Tevita Noa,,0,0,0,3000,,,1378088
1401683,PUR,UMD,WR,Max Klare,,0,0,0,3000,,,1401683
1214023,KU,TCU,RB,Sevion Morrison,4.98,2,0,0,3000,,,1214023
1128113,UCLA,UTAH,WR,David Priebe,,0,0,0,3000,,,1128113
1325234,WISC,NW,WR,Skyler Bell,8.11,0,0,0,4400,,,1325234
1109986,UTAH,UCLA,RB,Chris Curry,1.4,0,0,0,3000,,,1109986
1217797,OU,UT,WR,J.J. Hester,0.56,0,0,0,3000,,,1217797
1381290,LSU,TENN,WR,RJ Willis,,0,0,0,3000,,,1381290
1229666,MICH,IU,QB,Peyton Smith,,0,0,0,4500,,,1229666
1107478,UW,ASU,QB,Michael Penix Jr.,26.18,7,0,0,8500,,,1107478
1164480,PUR,UMD,RB,Sampson James,,0,0,0,3000,,,1164480
1327577,VAND,MISS,WR,Wilson Long,,0,0,0,3000,,,1327577
1286481,MIZZ,UF,QB,Tyler Macon,,0,0,0,4500,,,1286481
1287592,UMD,PUR,RB,Joseph Bearns III,,0,0,0,3000,,,1287592
914170,MIZZ,UF,QB,Jack Abraham,,0,0,0,4900,,,914170
1317226,UMD,PUR,QB,Ryan Duell,,0,0,0,4500,,,1317226
1286393,TTU,OKST,WR,Jerand Bradley,5.42,0,0,0,3700,,,1286393
1067031,UF,MIZZ,WR,Jordan Pouncey,,0,0,0,3000,,,1067031
1317248,UMD,PUR,RB,Colby McDonald,3.09,0,0,0,4700,,,1317248
1396041,UMD,PUR,WR,Leon Haughton Jr.,0.67,0,0,0,3000,,,1396041
1319558,UCLA,UTAH,WR,Titus Mokiao-Atimalala,3.08,0,0,0,3200,,,1319558
1377781,OKST,TTU,RB,CJ Brown,,0,0,0,3000,,,1377781
1389793,LSU,TENN,QB,George Hamsley,,0,0,0,4500,,,1389793
1386284,UW,ASU,RB,Gabe Nelson,,0,0,0,3000,,,1386284
1213870,OKST,TTU,RB,Dominic Richardson,23.73,11,0,0,7100,,,1213870
1398153,MSST,ARK,WR,Zavion Thomas,,0,0,0,3000,,,1398153
1322660,UF,MIZZ,RB,Corneilus Barnes,,0,0,0,3000,,,1322660
1213881,UW,ASU,WR,Ja'Lynn Polk,12.01,6,0,0,4500,,,1213881
1399132,UT,OU,WR,Brenen Thompson,0.63,0,0,0,3200,,,1399132
1124352,OU,UT,WR,Daniel Parker Jr.,1.91,0,0,0,3000,,,1124352
1389221,AUB,UGA,WR,Omari Kelly,1.21,0,0,0,3000,,,1389221
1117950,TTU,OKST,WR,Henry Teeter,0.83,0,0,0,3000,,,1117950
1222131,LSU,TENN,WR,Kyren Lacy,2.24,0,0,0,3500,,,1222131
1378100,TCU,KU,WR,Christopher Chosen,,0,0,0,3000,,,1378100
1379222,OSU,MSU,QB,Devin Brown,,0,0,0,4500,,,1379222
1225684,KU,TCU,RB,Daniel Hishaw Jr.,,0,0,0,4900,,,1225684
1114364,AUB,UGA,WR,Shedrick Jackson,3.61,0,0,0,3900,,,1114364
1324673,ASU,UW,RB,George Hart III,1.14,0,0,0,3000,,,1324673
1228731,TTU,OKST,WR,Nate Floyd,,0,0,0,3000,,,1228731
1228742,TTU,OKST,WR,J.J. Sparkman,9.08,2,0,0,3900,,,1228742
1215322,VAND,MISS,RB,Rocko Griffin,3.93,0,0,0,3800,,,1215322
1213386,MIZZ,UF,QB,Brady Cook,18.19,3,0,0,5700,,,1213386
1237465,TENN,LSU,QB,Gaston Moore,,0,0,0,4500,,,1237465
1379277,PUR,UMD,QB,Brady Allen,,0,0,0,4500,,,1379277
1400100,VAND,MISS,WR,Landon Wells,,0,0,0,3000,,,1400100
1311176,ARK,MSST,WR,Bryce Stephens,,0,0,0,3000,,,1311176
1215102,WISC,NW,WR,Chimere Dike,12.75,2,0,0,5000,,,1215102
1108996,ASU,UW,QB,Emory Jones,18.61,0,0,0,7400,,,1108996
1325586,MICH,IU,WR,Joe Taylor,,0,0,0,3000,,,1325586
1161181,NW,WISC,QB,Ryan Hilinski,13.7,3,0,0,4900,,,1161181
1293071,KU,TCU,WR,Kelan Robinson,,0,0,0,3000,,,1293071
1218645,UGA,AUB,QB,Jackson Muschamp,,0,0,0,4500,,,1218645
1161082,ARK,MSST,WR,Trey Knox,6.74,0,0,0,3400,,,1161082
1401377,UTAH,UCLA,WR,Luca Caldarella,,0,0,0,3000,,,1401377
1172093,VAND,MISS,WR,Joel DeCoursey,,0,0,0,3000,,,1172093
1405865,MICH,IU,RB,CJ Stokes,1.38,0,0,0,3700,,,1405865
1315236,MISS,VAND,WR,JJ Henry,5.83,1,0,0,3000,,,1315236
1176350,IU,MICH,RB,David Ellis,,0,0,0,3000,,,1176350
1228248,UT,OU,RB,Anton Simieou,,0,0,0,3000,,,1228248
1130260,PUR,UMD,WR,Payne Durham,10.53,3,0,0,4000,,,1130260
1399980,MSST,ARK,RB,Kione Roberson,,0,0,0,3000,,,1399980
1287571,MICH,IU,RB,Tavierre Dunlap,1.75,0,0,0,3000,,,1287571
1406877,TCU,KU,WR,Austin Scheets,,0,0,0,3000,,,1406877
1232890,TENN,LSU,WR,Jimmy Calloway,1.89,0,0,0,3000,,,1232890
1398671,OSU,MSU,RB,Chase Brecht,,0,0,0,3000,,,1398671
1286163,ASU,UW,QB,Finn Collins,,0,0,0,4500,,,1286163
1286295,UTAH,UCLA,RB,Elvis Vakapuna,,0,0,0,3000,,,1286295
1286064,LSU,TENN,WR,Brian Thomas Jr.,8.91,2,0,0,3900,,,1286064
1389640,TTU,OKST,QB,Jaden Morris,,0,0,0,4500,,,1389640
1377782,OKST,TTU,RB,Asa Osbourn,,0,0,0,3000,,,1377782
1286196,ASU,UW,WR,Colby Garvin,,0,0,0,3000,,,1286196
1059585,TENN,LSU,WR,Princeton Fant,4.71,0,0,0,3200,,,1059585
1288165,UW,ASU,RB,Aaron Dumas,,0,0,0,3000,,,1288165
1310561,OSU,MSU,WR,Zak Herbstreit,,0,0,0,3000,,,1310561
1321220,TTU,OKST,WR,Louis Ortiz,,0,0,0,3000,,,1321220
1407009,MSU,OSU,RB,Christian Banks,,0,0,0,3000,,,1407009
1399166,UT,OU,WR,Myles Hill,,0,0,0,3000,,,1399166
1213442,TENN,LSU,WR,Jimmy Holiday,0.67,0,0,0,3200,,,1213442
1243087,UF,MIZZ,WR,Ja'Quavion Fraziars,1.53,0,0,0,3000,,,1243087
1379223,OSU,MSU,WR,Kyion Grayes,0.76,0,0,0,3000,,,1379223
1107842,ARK,MSST,WR,Jaquayln Crawford,,0,0,0,3000,,,1107842
1321044,MSST,ARK,RB,Ke'Travion Hargrove,,0,0,0,3000,,,1321044
1126355,WISC,NW,QB,Chase Wolf,,0,0,0,4500,,,1126355
1401630,PUR,UMD,RB,Kentrell Marks,,0,0,0,3000,,,1401630
1326610,UT,OU,WR,Casey Cain,3.43,0,0,0,3900,,,1326610
1290090,MISS,VAND,WR,Qua Davis,0.58,0,0,0,3000,,,1290090
1326621,UT,OU,WR,Thatcher Milton,,0,0,0,3000,,,1326621
1073390,UF,MIZZ,RB,Isaac Ricks,,0,0,0,3000,,,1073390
1305831,UMD,PUR,QB,Billy Edwards Jr.,,0,0,0,5800,,,1305831
1400453,ASU,UW,WR,Isaac Yates,,0,0,0,3000,,,1400453
1215334,VAND,MISS,QB,Mike Wright,,0,0,0,5800,,,1215334
1400464,ASU,UW,WR,Patrick Williams II,,0,0,0,3000,,,1400464
1214014,UMD,PUR,WR,Marcus Fleming,,0,0,0,3000,,,1214014
1229744,OSU,MSU,RB,Miyan Williams,,3,0,0,7300,,,1229744
1214025,UW,ASU,WR,Will Nixon,6.89,0,0,0,4800,,,1214025
1325466,LSU,TENN,QB,Tavion Faulk,,0,0,0,4500,,,1325466
1325587,MICH,IU,QB,Davis Warren,,0,0,0,4500,,,1325587
1226379,UMD,PUR,WR,Corey Dyches,9.38,4,0,0,3300,,,1226379
1218635,UGA,AUB,RB,Daijun Edwards,9.45,0,0,0,4300,,,1218635
1325236,WISC,NW,RB,Grover Bortolotti,,0,0,0,3000,,,1325236
1296460,VAND,MISS,RB,Dylan Betts-Pauley,,0,0,0,3000,,,1296460
1107326,UTAH,UCLA,WR,Thomas Yassmin,2.89,0,0,0,3000,,,1107326
1381292,LSU,TENN,WR,GiVanni Peterson,,0,0,0,3000,,,1381292
1163250,TCU,KU,RB,Daimarqua Foster,,0,0,0,3000,,,1163250
1173051,UW,ASU,WR,Nick Juran,,0,0,0,3000,,,1173051
1218899,NW,WISC,RB,Jake Arthurs,,0,0,0,3000,,,1218899
1229668,MICH,IU,WR,Eamonn Dennis,,0,0,0,3000,,,1229668
1164482,IU,MICH,WR,Ryan Barnes,,0,0,0,3000,,,1164482
1163272,TCU,KU,WR,Jared Wiley,1.57,0,0,0,3400,,,1163272
1400179,VAND,MISS,WR,Daveon Walker,,0,0,0,3000,,,1400179
1395240,OKST,TTU,WR,Mason Gilkey,,0,0,0,3000,,,1395240
1122990,UF,MIZZ,WR,Dante Zanders,3.5,0,0,0,3000,,,1122990
1398661,OSU,MSU,RB,Dallan Hayden,10.89,0,0,0,3900,,,1398661
1286010,MSST,ARK,QB,Daniel Greek,,0,0,0,4500,,,1286010
1286252,MISS,VAND,WR,Hudson Wolfe,,0,0,0,3000,,,1286252
1069783,ARK,MSST,WR,Matt Landers,11.47,7,0,0,3500,,,1069783
1231681,MSST,ARK,WR,Jaden Walley,5.68,0,0,0,3500,,,1231681
1067132,PUR,UMD,WR,Charlie Jones,21.87,28,0,0,7000,,,1067132
1286274,UTAH,UCLA,WR,Makai Cope,1.46,0,0,0,4000,,,1286274
1178353,UCLA,UTAH,WR,Michael Churich,,0,0,0,3000,,,1178353
1059663,NW,WISC,RB,Andrew Clair,0.96,0,0,0,3000,,,1059663
1286296,UTAH,UCLA,WR,Zach Vaughn,,0,0,0,3000,,,1286296
1398111,NW,WISC,QB,Jack Lausch,,0,0,0,4500,,,1398111
1378894,UT,OU,QB,Maalik Murphy,,0,0,0,4500,,,1378894
1399101,OU,UT,WR,Gavin Freeman,0.93,0,0,0,3000,,,1399101
1378784,MICH,IU,WR,Amorion Walker,0.64,0,0,0,3000,,,1378784
1389795,LSU,TENN,RB,Malachi Lane,,0,0,0,3000,,,1389795
1134485,UMD,PUR,WR,Terrance Ellis,,0,0,0,3000,,,1134485
1386286,UW,ASU,WR,Keanu Wallace,,0,0,0,3000,,,1386286
1213872,TCU,KU,WR,Savion Williams,7.57,0,0,0,4200,,,1213872
1322431,MSU,OSU,WR,Keon Coleman,11.68,4,0,0,5200,,,1322431
1222122,LSU,TENN,WR,Nick Storz,,0,0,0,3000,,,1222122
1399145,UT,OU,RB,Colin Page,,0,0,0,3000,,,1399145
1378102,TTU,OKST,WR,Haydon Wiginton,,0,0,0,3000,,,1378102
1243088,UF,MIZZ,WR,Xzavier Henderson,11.29,2,0,0,5400,,,1243088
1124398,KU,TCU,WR,Mac Copeland,,0,0,0,3000,,,1124398
1325500,LSU,TENN,WR,Caleb Bonine,,0,0,0,3000,,,1325500
1313642,UF,MIZZ,RB,Montrell Johnson Jr.,9.55,0,0,0,6300,,,1313642
1322123,UTAH,UCLA,WR,Isaac Vaha,,0,0,0,3000,,,1322123
1118722,KU,TCU,QB,Jason Bean,1.68,0,0,0,6200,,,1118722
1218910,NW,WISC,WR,Jack Moses,,0,0,0,3000,,,1218910
1213476,ASU,UW,WR,Chad Johnson Jr.,0.95,0,0,0,3000,,,1213476
1401631,WISC,NW,WR,Cole Toennies,,0,0,0,3000,,,1401631
1228744,TTU,OKST,WR,Jayden York,,0,0,0,3000,,,1228744
1215324,VAND,MISS,WR,Logan Kyle,0.49,0,0,0,3700,,,1215324
1172380,TENN,LSU,WR,Hunter Salmon,0.68,0,0,0,3000,,,1172380
1226346,UMD,PUR,QB,David Foust,,0,0,0,4500,,,1226346
1405910,MICH,IU,WR,Logan Forbes,,0,0,0,3000,,,1405910
1400465,ASU,UW,WR,Max Ware,,0,0,0,3000,,,1400465
1229503,IU,MICH,WR,AJ Barner,5.33,0,0,0,3300,,,1229503
1107546,UW,ASU,RB,Richard Newton,4.93,0,0,0,3800,,,1107546
1128116,UCLA,UTAH,QB,Dorian Thompson-Robinson,23.22,8,0,0,7800,,,1128116
1401213,VAND,MISS,WR,Hutch Baird,,0,0,0,3000,,,1401213
1173260,NW,WISC,RB,Connor Newhouse,,0,0,0,3000,,,1173260
1172050,UGA,AUB,RB,Kenny McIntosh,14.88,2,0,0,7500,,,1172050
1207734,MSU,OSU,WR,Nick Hunter,,0,0,0,3000,,,1207734
1229756,OSU,MSU,WR,Joe Royer,,0,0,0,3000,,,1229756
1382360,ASU,UW,RB,Tevin White,1.54,0,0,0,3000,,,1382360
1296461,VAND,MISS,RB,Patrick Smith,4.8,0,0,0,3000,,,1296461
1293073,KU,TCU,WR,Tanaka Scott,1.34,0,0,0,3000,,,1293073
1109989,LSU,TENN,WR,Jaray Jenkins,4.15,0,0,0,4700,,,1109989
1381172,UTAH,UCLA,RB,Jonathan Johnson,,0,0,0,3000,,,1381172
1173052,UW,ASU,WR,Zeke Pelluer,,0,0,0,3000,,,1173052
1218658,UGA,AUB,WR,Darnell Washington,4.71,0,0,0,4000,,,1218658
1229669,MICH,IU,WR,Roman Wilson,,0,0,0,5000,,,1229669
1383482,MSU,OSU,RB,Caleb Wolf,,0,0,0,3000,,,1383482
1286440,OKST,TTU,WR,Jaden Bray,,0,0,0,3000,,,1286440
1176330,IU,MICH,RB,Josh Henderson,6.47,0,0,0,4600,,,1176330
1402468,KU,TCU,QB,Kai Kunz,,0,0,0,4500,,,1402468
1163273,UT,OU,WR,Jordan Whittington,11.5,1,0,0,5900,,,1163273
1286462,MIZZ,UF,RB,Taj Butts,,0,0,0,3000,,,1286462
1229218,ASU,UW,WR,Jalin Conyers,3.21,0,0,0,3000,,,1229218
1395131,UMD,PUR,WR,Preston Howard,,0,0,0,3000,,,1395131
1231550,MSST,ARK,QB,Will Rogers,27.93,11,0,0,7700,,,1231550
1396000,UGA,AUB,WR,Miles Thornton,,0,0,0,3000,,,1396000
1286253,MISS,VAND,WR,Brandon Buckhaulter,,0,0,0,3000,,,1286253
1232892,TENN,LSU,WR,Jalin Hyatt,17.14,9,0,0,6900,,,1232892
1398684,OSU,MSU,WR,Blaize Exline,,0,0,0,3000,,,1398684
1396033,UMD,PUR,WR,Shaleak Knotts,0.67,0,0,0,3000,,,1396033
1178365,UCLA,UTAH,RB,Christian Grubb,1.07,0,0,0,3000,,,1178365
1166386,KU,TCU,WR,Trevor Wilson,,0,0,0,3000,,,1166386
1286297,UW,ASU,RB,Camden Sirmon,0.31,0,0,0,3000,,,1286297
1243111,UF,MIZZ,WR,Jonathan Odom,,0,0,0,3000,,,1243111
1389796,LSU,TENN,WR,Javen Nicholas,,0,0,0,3000,,,1389796
1134365,UCLA,UTAH,WR,Ryan Cragun,,0,0,0,3000,,,1134365
1223443,ARK,MSST,WR,Collin Sutherland,,0,0,0,3000,,,1223443
1288057,TENN,LSU,WR,Charlie Browder,,0,0,0,3000,,,1288057
1124355,ASU,UW,WR,Messiah Swinson,3.62,0,0,0,3200,,,1124355
1123398,MSU,OSU,WR,Jayden Reed,13.69,13,0,0,4900,,,1123398
1379324,TCU,KU,WR,Keagan Cunningham,,0,0,0,3000,,,1379324
1399168,UT,OU,WR,Reece Beauchamp,,0,0,0,3000,,,1399168
1325600,PUR,UMD,WR,Ben Van Noord,,0,0,0,3000,,,1325600
1325501,LSU,TENN,WR,Jack Rilling,,0,0,0,3000,,,1325501
1213345,UGA,AUB,RB,Kendall Milton,9.04,0,0,0,5900,,,1213345
1326601,UT,OU,RB,Jonathon Brooks,0.71,0,0,0,3000,,,1326601
1321046,MSST,ARK,WR,Antonio Harmon,1.83,0,0,0,3200,,,1321046
1400433,OSU,MSU,QB,Chad Ray,,0,0,0,4500,,,1400433
1311146,OSU,MSU,RB,Cayden Saunders,3.3,0,0,0,3000,,,1311146
1321079,MSST,ARK,WR,Rara Thomas,14.64,2,0,0,6100,,,1321079
1401665,PUR,UMD,WR,Charlie Kenrich,,0,0,0,3000,,,1401665
1229845,MSU,OSU,WR,Terry Lockett Jr.,,0,0,0,3200,,,1229845
1126038,ARK,MSST,WR,Warren Thompson,1.29,0,0,0,4900,,,1126038
1172150,UT,OU,WR,Jahleel Billingsley,,0,0,0,3000,,,1172150
1400466,ASU,UW,WR,Jacob Newell,,0,0,0,3000,,,1400466
1229856,MSU,OSU,QB,Andrew Schorfhaar,,0,0,0,4500,,,1229856
1107536,UW,ASU,WR,Devin Culp,5.82,2,0,0,3000,,,1107536
1128106,UCLA,UTAH,WR,Josiah Norwood,1.13,0,0,0,3000,,,1128106
1325468,LSU,TENN,QB,Matt O'Dowd,,0,0,0,4500,,,1325468
1325589,PUR,UMD,WR,Drew Biber,0.77,0,0,0,3000,,,1325589
1228559,TTU,OKST,RB,Blake Bedwell,0.19,0,0,0,3000,,,1228559
1214039,NW,WISC,WR,Hunter Welcing,,0,0,0,3000,,,1214039
1163230,TCU,KU,WR,Dominic DiNunzio,0.71,0,0,0,3000,,,1163230
1176782,MISS,VAND,WR,Jonathan Mingo,10.19,0,0,0,6400,,,1176782
1207747,OKST,TTU,QB,Peyton Thompson,,0,0,0,4500,,,1207747
1218637,UGA,AUB,WR,Braxton Hicks,,0,0,0,3000,,,1218637
1299850,MIZZ,UF,RB,Christopher Kreh,,0,0,0,3000,,,1299850
1382372,ASU,UW,WR,James Pearson,,0,0,0,3000,,,1382372
1381162,LSU,TENN,QB,Walker Howard,,0,0,0,4500,,,1381162
1296462,VAND,MISS,WR,Gamarion Carter,,0,0,0,3000,,,1296462
1176793,MISS,VAND,WR,Sellers Shy,,0,0,0,3000,,,1176793
1293074,KU,TCU,RB,DeAndre Thomas Jr.,,0,0,0,3000,,,1293074
1240450,MIZZ,UF,WR,Kibet Chepyator,2.09,0,0,0,3000,,,1240450
1405857,MICH,IU,WR,Marlin Klein,,0,0,0,3000,,,1405857
1402469,KU,TCU,QB,Ethan Vasko,,0,0,0,4500,,,1402469
1398630,NW,WISC,RB,Albert Kunickis III,,0,0,0,3000,,,1398630
1385562,MISS,VAND,WR,Austin Morphis,,0,0,0,3000,,,1385562
1385573,UGA,AUB,WR,Randon Jernigan,,0,0,0,3000,,,1385573
1395132,UMD,PUR,WR,Shane Carroll,,0,0,0,3000,,,1395132
1069763,UGA,AUB,QB,Stetson Bennett,26.56,8,0,0,8400,,,1069763
1396001,UGA,AUB,RB,Jacob Hardie,,0,0,0,3300,,,1396001
1398663,OSU,MSU,WR,Kaleb Brown,2.83,0,0,0,3000,,,1398663
1069422,LSU,TENN,WR,MJ Frazier,,0,0,0,3000,,,1069422
1405428,UCLA,UTAH,WR,Elijah Rodriguez,,0,0,0,3000,,,1405428
1163076,AUB,UGA,QB,Zach Calzada,,0,0,0,4500,,,1163076
1122541,MSU,OSU,WR,Daniel Barker,5.03,0,0,0,4300,,,1122541
1231683,MSST,ARK,RB,J.J. Jernighan,0.22,0,0,0,3000,,,1231683
1398685,OSU,MSU,WR,David Adolph,,0,0,0,3000,,,1398685
1178344,UCLA,UTAH,QB,Chase Artopoeus,,0,0,0,4500,,,1178344
1286155,UW,ASU,WR,Lonyatta Alexander Jr.,,0,0,0,3000,,,1286155
1286397,TCU,KU,WR,Chase Jackson,0.71,0,0,0,3000,,,1286397
1396034,UMD,PUR,RB,Ramon Brown,0.92,0,0,0,3000,,,1396034
1396045,UMD,PUR,RB,Eli Mason,,0,0,0,3000,,,1396045
1124664,TENN,LSU,WR,Cedric Tillman,,0,0,0,6900,,,1124664
1178278,TTU,OKST,WR,Cameron Cantrell,,0,0,0,3000,,,1178278
1310773,NW,WISC,WR,Calvin Johnson II,,0,0,0,3000,,,1310773
1399103,OU,UT,WR,Davion Woolen,,0,0,0,3000,,,1399103
1178289,TTU,OKST,WR,Trey Cleveland,11.76,4,0,0,4000,,,1178289
1320343,TCU,KU,WR,Henry Deakins,,0,0,0,3000,,,1320343
1168246,IU,MICH,WR,Emery Simmons,8.12,2,0,0,3500,,,1168246
1213753,KU,TCU,WR,Will Huggins,,0,0,0,3000,,,1213753
1389577,TTU,OKST,WR,Tanner Allen,,0,0,0,3000,,,1389577
1321223,TTU,OKST,WR,Charles Robinson,,0,0,0,3000,,,1321223
1389225,AUB,UGA,RB,Luke Reebals,,0,0,0,3000,,,1389225
1180280,WISC,NW,RB,Julius Davis,1.53,0,0,0,3000,,,1180280
1126303,UMD,PUR,WR,Dontay Demus Jr.,7.86,0,0,0,5300,,,1126303
1113477,TCU,KU,WR,Derius Davis,11.96,3,0,0,6300,,,1113477
1320398,OU,UT,QB,Ralph Rucker,,0,0,0,4500,,,1320398
1379325,TCU,KU,WR,DJ Allen,,0,0,0,3000,,,1379325
1125599,OU,UT,WR,Drake Stoops,5.77,0,0,0,3400,,,1125599
1126336,WISC,NW,WR,Mike Gregoire,,0,0,0,3000,,,1126336
1213346,MSST,ARK,WR,Justin Robinson,9.03,1,0,0,3000,,,1213346
1225688,KU,TCU,RB,Malik Johnson,,0,0,0,3000,,,1225688
1126347,WISC,NW,RB,Brady Schipper,,0,0,0,3000,,,1126347
1126248,UW,ASU,RB,Wayne Taulapapa,13.71,1,0,0,6500,,,1126248
1321069,MSST,ARK,RB,Simeon Price,2.61,0,0,0,3700,,,1321069
1381580,KU,TCU,QB,Jack Jackson,,0,0,0,4500,,,1381580
1129416,LSU,TENN,WR,Stephen King,,0,0,0,3000,,,1129416
1405901,MICH,IU,RB,Nico Andrighetto,,0,0,0,3000,,,1405901
1311169,ARK,MSST,RB,AJ Green,5.63,0,0,0,3900,,,1311169
1164891,OSU,MSU,RB,Marcus Crowley,,0,0,0,3000,,,1164891
1325568,MICH,IU,WR,Louis Hansen,,0,0,0,3000,,,1325568
1229857,MSU,OSU,RB,Jordon Simmons,1.14,0,0,0,3000,,,1229857
1176771,MISS,VAND,WR,Dannis Jackson,,0,0,0,3000,,,1176771
1172173,UT,OU,RB,Keilan Robinson,5.26,0,0,0,3500,,,1172173
1400368,VAND,MISS,WR,Richie Hoskins,,0,0,0,3000,,,1400368
1293064,KU,TCU,WR,Mack Moeller,,0,0,0,3000,,,1293064
1325239,WISC,NW,QB,Deacon Hill,,0,0,0,4500,,,1325239
1107318,UTAH,UCLA,WR,Solomon Enis,,0,0,0,6400,,,1107318
1381284,TENN,LSU,WR,Chas Nimrod,,0,0,0,3000,,,1381284
1296463,VAND,MISS,WR,Ezra McAllister,,0,0,0,3000,,,1296463
1400039,UW,ASU,WR,Jake Parnigan,,0,0,0,3000,,,1400039
1395221,OKST,TTU,QB,Gavynn Parker,,0,0,0,4500,,,1395221
1384100,MISS,VAND,QB,Jack Woche,,0,0,0,4500,,,1384100
1130242,MICH,IU,WR,Luke Schoonmaker,12.85,6,0,0,3400,,,1130242
1381196,TENN,LSU,QB,Tayven Jackson,,0,0,0,4500,,,1381196
1287564,MICH,IU,WR,Andrel Anthony,3.5,0,0,0,3200,,,1287564
1405407,UCLA,UTAH,RB,Josiah Gonzales,,0,0,0,3000,,,1405407
1399984,MSST,ARK,WR,Braden Coffey,,0,0,0,3000,,,1399984
1384133,MISS,VAND,WR,Hayden Farrar,,0,0,0,3000,,,1384133
1286486,MIZZ,UF,WR,Ryan Hoerstkamp,,0,0,0,3000,,,1286486
1396002,UGA,AUB,WR,Cooper Johnson,,0,0,0,3000,,,1396002
1398664,OSU,MSU,WR,Kojo Antwi,,0,0,0,3000,,,1398664
1230232,PUR,UMD,QB,Michael Alaimo,,0,0,0,4500,,,1230232
1378831,MICH,IU,RB,William Mcbride,,0,0,0,3000,,,1378831
1377742,MIZZ,UF,WR,Damon Johanns,,0,0,0,3000,,,1377742
1123642,UCLA,UTAH,QB,Sean Holland,,0,0,0,4500,,,1123642
1286277,UTAH,UCLA,WR,Hayden Erickson,,0,0,0,3000,,,1286277
1286398,TCU,KU,WR,Alex Honig,,0,0,0,3000,,,1286398
1286046,LSU,TENN,WR,Jack Bech,4.17,0,0,0,3700,,,1286046
1333841,UF,MIZZ,WR,Taylor Spierto,,0,0,0,3000,,,1333841
1178367,UCLA,UTAH,WR,Hudson Habermehl,4.93,0,0,0,3000,,,1178367
1287278,IU,MICH,RB,Brett Wethington,,0,0,0,3000,,,1287278
1213721,UCLA,UTAH,QB,Ethan Garbers,,0,0,0,6100,,,1213721
1244224,WISC,NW,RB,Riley Nowakowski,,0,0,0,3000,,,1244224
1168236,UCLA,UTAH,QB,Chase Griffin,,0,0,0,4500,,,1168236
1223423,ARK,MSST,RB,Dominique Johnson,2.39,0,0,0,4600,,,1223423
1400930,MSU,OSU,WR,Tyler Vroman,,0,0,0,3000,,,1400930
1222345,LSU,TENN,RB,Nick Demas,0.93,0,0,0,3000,,,1222345
1125666,OKST,TTU,QB,Spencer Sanders,31.79,20,0,0,8000,,,1125666
1124456,KU,TCU,RB,Spencer Roe,,0,0,0,3000,,,1124456
1378798,MICH,IU,QB,Alex Orji,,0,0,0,4500,,,1378798
1389215,AUB,UGA,RB,Damari Alston,1.11,0,0,0,3000,,,1389215
1399137,UT,OU,WR,Savion Red,0.63,0,0,0,3000,,,1399137
1399148,UT,OU,WR,Quinn Merritt,,0,0,0,3000,,,1399148
1324623,AUB,UGA,RB,Sean Jackson,,0,0,0,3000,,,1324623
1214876,UT,OU,WR,Troy Omeire,0.63,0,0,0,3000,,,1214876
1222147,TCU,KU,RB,Emani Bailey,6.05,0,0,0,4100,,,1222147
1125589,OU,UT,WR,Brayden Willis,6.48,0,0,0,3800,,,1125589
1126326,WISC,NW,WR,Jack Eschenbach,7.57,3,0,0,3000,,,1126326
1217802,MIZZ,UF,WR,Chance Luper,,0,0,0,3600,,,1217802
1324414,UCLA,UTAH,RB,Deshun Murrell,0.96,0,0,0,3000,,,1324414
1322115,UTAH,UCLA,RB,Ricky Parks,,0,0,0,3000,,,1322115
1401733,KU,TCU,WR,Max Dowling,,0,0,0,3000,,,1401733
1180072,IU,MICH,QB,Grant Gremel,,0,0,0,4500,,,1180072
1213479,OU,UT,WR,LV Bunkley-Shelton,0.93,0,0,0,3000,,,1213479
1213369,AUB,UGA,WR,Koy Moore,6.31,1,0,0,3300,,,1213369
1395991,MISS,VAND,WR,Jeremiah Dillon,,0,0,0,3000,,,1395991
1328704,TCU,KU,WR,Drew Scott,,0,0,0,3000,,,1328704
1396970,ARK,MSST,RB,Dennis Daniels,,0,0,0,3000,,,1396970
1173241,NW,WISC,WR,Wayne Dennis Jr.,0.67,0,0,0,3000,,,1173241
1186672,IU,MICH,WR,Christian Harris,,0,0,0,3000,,,1186672
1401678,PUR,UMD,WR,Curtis Deville Jr.,,0,0,0,3000,,,1401678
1381130,UGA,AUB,WR,C.J. Smith,,0,0,0,3000,,,1381130
1229869,MSU,OSU,WR,Montorie Foster,0.56,0,0,0,3800,,,1229869
1382351,ASU,UW,QB,Bennett Meredith,,0,0,0,4500,,,1382351
1173263,NW,WISC,WR,Bryce Kirtz,5.31,0,0,0,3800,,,1173263
1400369,VAND,MISS,QB,Hayden Moses,,0,0,0,4500,,,1400369
1207737,TCU,KU,RB,Trevor Ailey,,0,0,0,3000,,,1207737
1121861,UW,ASU,WR,David Pritchard,,0,0,0,3000,,,1121861
1286300,UW,ASU,WR,Caden Jumper,,0,0,0,3000,,,1286300
1286421,UW,ASU,WR,Mason Wheeler,,0,0,0,3000,,,1286421
1299852,MIZZ,UF,QB,Tommy Lock,,0,0,0,4500,,,1299852
1296464,VAND,MISS,WR,Quincy Skinner Jr.,,0,0,0,3000,,,1296464
1172087,VAND,MISS,WR,Justin Ball,2.65,0,0,0,3000,,,1172087
1231740,MSST,ARK,WR,Brodie King,,0,0,0,3000,,,1231740
1163265,UT,OU,RB,Roschon Johnson,11.8,2,0,0,5400,,,1163265
1230420,PUR,UMD,WR,Andrew Sowinski,,0,0,0,3000,,,1230420
1165333,OU,UT,QB,Dillon Gabriel,,2,0,0,9000,,,1165333
1231652,MSST,ARK,RB,Jo'quavious Marks,16.39,6,0,0,5700,,,1231652
1395134,UMD,PUR,WR,Khalid Jones,,0,0,0,3000,,,1395134
1406618,UW,ASU,QB,Camdyn Stiegeler,,0,0,0,4500,,,1406618
1405408,UCLA,UTAH,RB,TJ Harden,1.43,0,0,0,3400,,,1405408
1244610,MSU,OSU,WR,Jackson Morse,,0,0,0,3000,,,1244610
1231663,MSST,ARK,RB,Dillon Johnson,17.64,7,0,0,6100,,,1231663
1068203,MISS,VAND,RB,Isaiah Woullard,0.56,0,0,0,3200,,,1068203
1398665,OSU,MSU,QB,Mason Maggs,,0,0,0,4500,,,1398665
1287587,UMD,PUR,WR,Tai Felton,3.09,0,0,0,3600,,,1287587
1163078,UCLA,UTAH,WR,Kam Brown,7.32,1,0,0,3500,,,1163078
1378821,MICH,IU,WR,Colston Loveland,0.64,0,0,0,3000,,,1378821
1377732,MIZZ,UF,WR,Luther Burden III,10.67,3,0,0,5100,,,1377732
1398676,OSU,MSU,WR,Riordin Stauffer,,0,0,0,3000,,,1398676
1286388,TTU,OKST,QB,Behren Morton,,0,0,0,4500,,,1286388
1286399,TCU,KU,QB,Sam Jackson,,0,0,0,4500,,,1286399
1189478,ASU,UW,WR,Charles Hall IV,,0,0,0,3000,,,1189478
1320400,OU,UT,WR,Adrian Scott,,0,0,0,3000,,,1320400
1286047,LSU,TENN,RB,Armoni Goodwin,,0,0,0,3500,,,1286047
1396047,UMD,PUR,RB,Aeneas Smith,,0,0,0,3000,,,1396047
1126822,MSU,OSU,RB,Elijah Collins,2.38,0,0,0,3000,,,1126822
1377666,UF,MIZZ,RB,Gabriel Ortiz,,0,0,0,3000,,,1377666
1333875,OSU,MSU,WR,Joop Mitchell,,0,0,0,3000,,,1333875
1244225,WISC,NW,WR,Cole Dakovich,0.5,0,0,0,3000,,,1244225
1378898,UT,OU,RB,Jaydon Blue,,0,0,0,3000,,,1378898
1399105,OU,UT,WR,Dallas Dudley,,0,0,0,3000,,,1399105
1122257,ARK,MSST,WR,Nathan Bax,0.97,0,0,0,3000,,,1122257
1213865,TCU,KU,WR,Quentin Johnston,14.95,6,0,0,6800,,,1213865
1320345,TCU,KU,WR,Colton Dobson,,0,0,0,3000,,,1320345
1113457,TENN,LSU,WR,Jacob Warren,3.91,0,0,0,3000,,,1113457
1389579,TTU,OKST,RB,Bryson Donnell,0.19,0,0,0,3800,,,1389579
1400711,UF,MIZZ,WR,Zak Sedaros,,0,0,0,3000,,,1400711
1233258,TCU,KU,WR,Hilton Harris,,0,0,0,3000,,,1233258
1213799,OU,UT,WR,Marvin Mims,18.91,10,0,0,7900,,,1213799
1322105,UTAH,UCLA,WR,Deven Johnson,,0,0,0,3000,,,1322105
1126327,WISC,NW,WR,Jaylan Franklin,,0,0,0,3000,,,1126327
1064991,MSST,ARK,WR,Jamire Calvin,5.12,0,0,0,3700,,,1064991
1126338,WISC,NW,RB,Isaac Guerendo,3.55,0,0,0,4000,,,1126338
1180073,IU,MICH,QB,Will Jontz,,0,0,0,4500,,,1180073
1213348,UGA,AUB,WR,Arik Gilbert,0.64,0,0,0,3100,,,1213348
1214679,TENN,LSU,QB,Navy Shuler,,0,0,0,4500,,,1214679
1174650,UF,MIZZ,WR,Trent Whittemore,1.03,0,0,0,3600,,,1174650
1107869,ARK,MSST,QB,Cade Fortin,15.24,1,0,0,5800,,,1107869
1229837,IU,MICH,RB,Charlie Spegal,,0,0,0,3000,,,1229837
1395871,ARK,MSST,RB,Daryl Searcy,,0,0,0,3000,,,1395871
1394782,UF,MIZZ,QB,Max Brown,,0,0,0,4500,,,1394782
1164530,UCLA,UTAH,RB,Zach Charbonnet,22.3,13,0,0,6800,,,1164530
1285893,ARK,MSST,WR,Ketron Jackson Jr.,6.21,0,0,0,4200,,,1285893
1172032,ARK,MSST,QB,KJ Jefferson,,0,0,0,6500,,,1172032
1173363,AUB,UGA,WR,Ja'Varrius Johnson,7.37,0,0,0,4300,,,1173363
1229859,MSU,OSU,WR,Joseph Martinez,,0,0,0,3000,,,1229859
1381131,UTAH,UCLA,WR,Jack Platt,,0,0,0,3000,,,1381131
1164541,MSU,OSU,WR,Evan Morris,,0,0,0,3000,,,1164541
1400117,VAND,MISS,RB,Chase Gillespie,1.67,0,0,0,3400,,,1400117
1229749,OSU,MSU,WR,Patrick Gurd,,0,0,0,3000,,,1229749
1287851,OSU,MSU,WR,Sam Hart,,0,0,0,3000,,,1287851
1382352,ASU,UW,WR,Javen Jacobs,0.51,0,0,0,3000,,,1382352
1381263,LSU,TENN,WR,Mason Taylor,8.82,8,0,0,3000,,,1381263
1173264,NW,WISC,WR,Jack Kennedy,,0,0,0,3000,,,1173264
1172054,UGA,AUB,WR,Brett Seither,,0,0,0,3000,,,1172054
1207738,OKST,TTU,WR,Clayton Barbour,,0,0,0,3000,,,1207738
1325229,WISC,NW,RB,Jackson Acker,1.8,0,0,0,3000,,,1325229
1382001,UW,ASU,WR,Jackson Girouard,,0,0,0,3000,,,1382001
1299842,MIZZ,UF,WR,Zach Hahn,,0,0,0,3000,,,1299842
1293066,KU,TCU,RB,Devin Neal,14.98,14,0,0,5400,,,1293066
1286422,UW,ASU,WR,Quentin Moore,0.83,0,0,0,3000,,,1286422
1381286,TENN,LSU,WR,Squirrel White,1.28,0,0,0,4400,,,1381286
1163134,TTU,OKST,WR,Baylor Cupp,2.36,0,0,0,3000,,,1163134
1184188,ASU,UW,WR,Shawn Charles,,0,0,0,3300,,,1184188
1163266,TENN,LSU,WR,Bru McCoy,15.11,3,0,0,5700,,,1163266
1296377,UW,ASU,QB,Tyson Lang,,0,0,0,4500,,,1296377
1398633,NW,WISC,WR,Blake Van Buren,,0,0,0,3000,,,1398633
1385565,MISS,VAND,WR,Salathiel Hemphill,,0,0,0,3000,,,1385565
1286466,MIZZ,UF,RB,BJ Harris,0.83,0,0,0,3000,,,1286466
1286235,WISC,NW,WR,Keontez Lewis,5.31,0,0,0,3900,,,1286235
1287566,MICH,IU,RB,Donovan Edwards,15.69,9,0,0,4600,,,1287566
1360067,OU,UT,RB,Tyson Al-Jbour,,0,0,0,3000,,,1360067
1287588,UMD,PUR,WR,CJ Dippre,4.33,0,0,0,3000,,,1287588
1377733,MIZZ,UF,WR,Wes Campbell VI,,0,0,0,3000,,,1377733
1110686,UGA,AUB,WR,Kearis Jackson,5.55,0,0,0,4200,,,1110686
1287599,MICH,IU,QB,J.J. McCarthy,24,6,0,0,6400,,,1287599
1120135,ASU,UW,WR,Cam Johnson,0.51,0,0,0,4200,,,1120135
1286037,LSU,TENN,QB,Garrett Nussmeier,,0,0,0,6200,,,1286037
1178347,TTU,OKST,WR,Xavier White,14.84,24,0,0,3400,,,1178347
1164069,OU,UT,QB,Davis Beville,18.77,0,0,0,7900,,,1164069
1213800,OU,UT,RB,Jaden Knowles,,0,0,0,3000,,,1213800
1135513,UTAH,UCLA,WR,Dalton Kincaid,15.51,17,0,0,4400,,,1135513
1230377,PUR,UMD,RB,Caleb Lahey,,0,0,0,3000,,,1230377
1286048,LSU,TENN,WR,Chris Hilton Jr.,0.66,0,0,0,3000,,,1286048
1377766,OKST,TTU,RB,Ollie Gordon,2.01,0,0,0,3700,,,1377766
1133104,PUR,UMD,QB,Jack Albers,,0,0,0,4500,,,1133104
1286059,LSU,TENN,WR,Malik Nabers,15.52,6,0,0,5300,,,1286059
1213701,UTAH,UCLA,WR,Pierre Moudourou,,0,0,0,3000,,,1213701
1377777,OKST,TTU,QB,Garret Rangel,,0,0,0,4500,,,1377777
1398116,NW,WISC,WR,Reggie Fleurima,,0,0,0,3000,,,1398116
1410832,IU,MICH,RB,Reece Lozano,,0,0,0,3000,,,1410832
1310765,NW,WISC,WR,Donnie Gray,,0,0,0,3000,,,1310765
1225702,KU,TCU,WR,Luke Grimm,11.95,2,0,0,5100,,,1225702
1122005,TCU,KU,WR,Gunnar Henderson,2,0,0,0,3000,,,1122005
1213734,UW,ASU,RB,Jay'Veon Sunday,,0,0,0,3000,,,1213734
1244226,WISC,NW,WR,Cam Large,,0,0,0,3000,,,1244226
1123347,PUR,UMD,RB,Kobe Lewis,5.83,0,0,0,3900,,,1123347
1378899,UT,OU,WR,Hamilton McMartin,,0,0,0,3000,,,1378899
1213866,TCU,KU,WR,Caleb Medford,,0,0,0,3000,,,1213866
1222699,NW,WISC,RB,Cam Porter,5.21,0,0,0,4200,,,1222699
1288039,WISC,NW,WR,Jack Pugh,,0,0,0,3000,,,1288039
1172990,LSU,TENN,RB,Josh Williams,8.09,8,0,0,3000,,,1172990
1389217,AUB,UGA,WR,Camden Brown,3.5,0,0,0,3000,,,1389217
1180283,WISC,NW,WR,Dean Engram,3.11,0,0,0,3300,,,1180283
1322447,MSU,OSU,RB,Davion Primm,,0,0,0,3000,,,1322447
1180294,WISC,NW,WR,Hayden Rucci,,0,0,0,3000,,,1180294
1379328,TCU,KU,WR,Major Everhart,,0,0,0,3000,,,1379328
1325615,OKST,TTU,WR,Luke McEndoo,,0,0,0,3000,,,1325615
1160351,ASU,UW,QB,Paul Tyson,,0,0,0,7000,,,1160351
1324427,UCLA,UTAH,WR,Sam Summa,,0,0,0,3000,,,1324427
1228727,TTU,OKST,QB,Donovan Smith,29.5,13,0,0,7000,,,1228727
1174651,UF,MIZZ,RB,Nay'Quan Wright,9.24,2,0,0,3600,,,1174651
1162793,TCU,KU,QB,Max Duggan,26,17,0,0,7200,,,1162793
1271583,AUB,UGA,WR,Grant Hidalgo,,0,0,0,3000,,,1271583
1381341,ARK,MSST,RB,James Jointer,,0,0,0,3000,,,1381341
1187620,UTAH,UCLA,RB,Faysal Aden,,0,0,0,3000,,,1187620
1326638,UT,OU,WR,Xavier Worthy,15.43,9,0,0,6300,,,1326638
1215329,VAND,MISS,WR,Will Sheppard,12.45,0,0,0,5600,,,1215329
1381110,UGA,AUB,RB,Tauheed Ferguson,,0,0,0,3600,,,1381110
1229849,MSU,OSU,QB,Noah Kim,,0,0,0,5000,,,1229849
1173485,MISS,VAND,RB,Ulysses Bentley IV,,0,0,0,4600,,,1173485
1173254,NW,WISC,WR,Thomas Gordon,4.26,0,0,0,3000,,,1173254
1400118,VAND,MISS,RB,Isaiah Fontan,,0,0,0,3000,,,1400118
1172044,UGA,AUB,WR,Ryland Goede,,0,0,0,3000,,,1172044
1161396,ASU,UW,RB,Case Hatch,0.52,0,0,0,3800,,,1161396
1286400,TCU,KU,RB,Trent Battle,4.73,2,0,0,3000,,,1286400
1381143,UTAH,UCLA,RB,Jaylon Glover,5.01,0,0,0,3400,,,1381143
1218629,UGA,AUB,WR,Cade Brock,,0,0,0,3100,,,1218629
1399910,TENN,LSU,RB,Dylan Sampson,,0,0,0,3200,,,1399910
1382002,UW,ASU,QB,Jake Kern,,0,0,0,4500,,,1382002
1299843,MIZZ,UF,RB,Bryce Jackson,,0,0,0,3000,,,1299843
1381155,UTAH,UCLA,QB,Brandon Rose,,0,0,0,4500,,,1381155
1401109,UTAH,UCLA,WR,Tao Johnson,1.46,0,0,0,3000,,,1401109
1121863,UW,ASU,WR,Jack Westover,4.52,0,0,0,3000,,,1121863
1286423,UT,OU,WR,Jaden Alexis,,0,0,0,3000,,,1286423
1381287,TENN,LSU,WR,Kaleb Webb,,0,0,0,3000,,,1381287
1240454,MIZZ,UF,WR,Shawn Hendershot,,0,0,0,3000,,,1240454
1178744,UTAH,UCLA,WR,Munir McClain,,0,0,0,3400,,,1178744
1231621,MSST,ARK,WR,Caleb Ducking,14.24,4,0,0,5500,,,1231621
1287776,NW,WISC,QB,Brendan Sullivan,,0,0,0,4500,,,1287776
1122611,NW,WISC,WR,Raymond Niro III,0.67,0,0,0,3200,,,1122611
1286214,MISS,VAND,QB,Luke Altmyer,,0,0,0,5800,,,1286214
1122985,UMD,PUR,WR,Jacob Copeland,6.96,0,0,0,4700,,,1122985
1385566,MISS,VAND,WR,Matt Ware,,0,0,0,3000,,,1385566
1286467,MIZZ,UF,WR,Gavin McKay,,0,0,0,3000,,,1286467
1287798,PUR,UMD,WR,Deion Burks,4.96,0,0,0,3500,,,1287798
1399976,MSST,ARK,WR,Jace Dean,,0,0,0,3000,,,1399976
1286236,UCLA,UTAH,WR,DJ Justice,,0,0,0,3000,,,1286236
1378801,MICH,IU,WR,Tyler Morris,1.21,0,0,0,3000,,,1378801
1287589,UMD,PUR,WR,Weston Wolff,,0,0,0,3000,,,1287589
1230235,PUR,UMD,QB,Andrew Hobson,,0,0,0,4500,,,1230235
1396038,UMD,PUR,QB,Cameron Edge,,0,0,0,4500,,,1396038
1179448,UF,MIZZ,QB,Kyle Engel,,0,0,0,4500,,,1179448
1389625,TTU,OKST,WR,Jack Esparza,,0,0,0,3000,,,1389625
1377767,OKST,TTU,WR,Talyn Shettron,0.71,0,0,0,3000,,,1377767
1398106,MSST,ARK,WR,Kaydin Pope,,0,0,0,3000,,,1398106
1180570,UTAH,UCLA,RB,Charlie Vincent,0.83,0,0,0,3000,,,1180570
1213955,IU,MICH,WR,Trey Walker,,0,0,0,3000,,,1213955
1225703,KU,TCU,WR,Quentin Skinner,6.52,0,0,0,4300,,,1225703
1244216,WISC,NW,WR,Haakon Anderson,0.5,0,0,0,3000,,,1244216
1255227,OU,UT,WR,Carsten Groos,,0,0,0,3000,,,1255227
1213735,UW,ASU,WR,Mason West,,0,0,0,3000,,,1213735
1320336,TCU,KU,WR,Dylan Adams,,0,0,0,3000,,,1320336
1213746,KU,TCU,WR,Lawrence Arnold,7.58,0,0,0,6000,,,1213746
1213867,TCU,KU,RB,Kendre Miller,19.18,13,0,0,6000,,,1213867
1320347,TCU,KU,RB,Franklin Estrada,,0,0,0,3000,,,1320347
1400933,MSU,OSU,WR,Michael Masunas,,0,0,0,3000,,,1400933
1180372,PUR,UMD,RB,King Doerue,,0,0,0,5100,,,1180372
1321205,TTU,OKST,WR,Ben Gair,,0,0,0,3000,,,1321205
1113206,TCU,KU,WR,Taye Barber,11.56,4,0,0,5100,,,1113206
1122039,TCU,KU,WR,JR Justice,,0,0,0,3000,,,1122039
1322668,UF,MIZZ,WR,Gage Wilcox,,0,0,0,3000,,,1322668
1124349,MISS,VAND,WR,Jalen Knox,0.61,0,0,0,3000,,,1124349
1389218,AUB,UGA,WR,Camden Etheredge,,0,0,0,3000,,,1389218
1290130,MISS,VAND,RB,Fred McAfee,,0,0,0,3000,,,1290130
1214868,UT,OU,QB,Hudson Card,,0,0,0,7600,,,1214868
1125108,VAND,MISS,RB,Cooper Lutz,1.2,0,0,0,3000,,,1125108
1161672,WISC,NW,RB,Chez Mellusi,6.22,0,0,0,5300,,,1161672
1401626,WISC,NW,QB,Marshall Howe,,0,0,0,6600,,,1401626
1228728,TTU,OKST,WR,Myles Price,,0,0,0,5500,,,1228728
1174652,UF,MIZZ,WR,Keon Zipperer,6.31,0,0,0,3200,,,1174652
1401637,WISC,NW,WR,JT Seagreaves,,0,0,0,3000,,,1401637
1303748,TTU,OKST,RB,Cam'Ron Valdez,,0,0,0,3000,,,1303748
1326617,UT,OU,QB,Cole Lourd,,0,0,0,4500,,,1326617
1326628,UT,OU,WR,Ja'Tavion Sanders,7.47,0,0,0,3500,,,1326628
1325539,IU,MICH,WR,Connor Delp,,0,0,0,3000,,,1325539
1394773,UF,MIZZ,WR,Arlis Boardingham,,0,0,0,3000,,,1394773
1187874,PUR,UMD,WR,Alex Maxwell,0.76,0,0,0,3000,,,1187874
1381122,UGA,AUB,WR,Samuel Johnson,,0,0,0,3000,,,1381122
1285895,ARK,MSST,RB,Raheim Sanders,22.21,19,0,0,6200,,,1285895
1328718,OU,UT,WR,Nasir Kemper,,0,0,0,3000,,,1328718
1109708,PUR,UMD,WR,Tyrone Tracy,7.54,0,0,0,6400,,,1109708
1381133,UTAH,UCLA,WR,Bennett Redell,,0,0,0,3000,,,1381133
1173255,NW,WISC,WR,Malik Washington,15.64,6,0,0,4900,,,1173255
1133941,UGA,AUB,RB,Lorenzo Stephenson,,0,0,0,3600,,,1133941
1286401,TCU,KU,WR,D'Andre Rogers,,0,0,0,3000,,,1286401
1173266,NW,WISC,RB,Evan Hull,19.23,7,0,0,6300,,,1173266
1121985,UTAH,UCLA,WR,Logan Kendall,1.95,0,0,0,3000,,,1121985
1240444,MIZZ,UF,WR,Jaden Nash,,0,0,0,3000,,,1240444
1130213,MICH,IU,WR,Ronnie Bell,13.88,2,0,0,5900,,,1130213
1286424,UT,OU,QB,Charles Wright,,0,0,0,4500,,,1286424
1381167,UTAH,UCLA,RB,Brock Spiegelberg,,0,0,0,3000,,,1381167
1163246,TCU,KU,WR,Blair Conwright,0.75,0,0,0,3300,,,1163246
1286314,UW,ASU,WR,Jabez Tinae,,0,0,0,3000,,,1286314
1287777,NW,WISC,WR,Jacob Gill,7.38,3,0,0,3000,,,1287777
1398624,NW,WISC,RB,Joseph Himon II,,0,0,0,3000,,,1398624
1296379,UW,ASU,WR,Griffin Waiss,,0,0,0,3000,,,1296379
1286347,KU,TCU,QB,Ben Easters,,0,0,0,4500,,,1286347
1286237,UCLA,UTAH,WR,Ezavier Staples,,0,0,0,3000,,,1286237
1287568,MICH,IU,WR,Cristian Dixon,,0,0,0,3000,,,1287568
1058757,IU,MICH,WR,D.J. Matthews Jr.,,0,0,0,5800,,,1058757
1396006,UGA,AUB,WR,Cole Speer,0.67,0,0,0,3000,,,1396006
1398668,OSU,MSU,WR,Kai Saunders,,0,0,0,3000,,,1398668
1178206,UF,MIZZ,WR,Noah Keeter,,0,0,0,3000,,,1178206
1232898,TENN,LSU,RB,Jabari Small,16.77,8,0,0,6400,,,1232898
1120137,VAND,MISS,WR,Gavin Schoenwald,2.65,0,0,0,3000,,,1120137
1178349,UCLA,UTAH,WR,Ashton Authement,,0,0,0,3000,,,1178349
1396039,UMD,PUR,QB,Jayden Sauray,,0,0,0,4500,,,1396039
1125604,MISS,VAND,WR,Jaylon Robinson,3.09,0,0,0,5700,,,1125604
1378857,IU,MICH,WR,Brody Foley,,0,0,0,3000,,,1378857
1377779,OKST,TTU,WR,Rylan McQuarters,,0,0,0,3000,,,1377779
1223416,ARK,MSST,QB,Malik Hornsby,,0,0,0,4500,,,1223416
1112338,TENN,LSU,QB,Joe Milton III,,0,0,0,6300,,,1112338
1310789,MSST,ARK,WR,Jordan Mosley,0.95,0,0,0,3000,,,1310789
1290120,MISS,VAND,WR,Bralon Brown,,0,0,0,3000,,,1290120
1322669,UF,MIZZ,WR,Marcus Burke,0.55,0,0,0,3000,,,1322669
1180274,WISC,NW,WR,Stephan Bracey Jr.,,0,0,0,3200,,,1180274
1379308,PUR,UMD,WR,Zion Steptoe,,0,0,0,3000,,,1379308
1380650,AUB,UGA,WR,Micah Riley-Ducker,,0,0,0,3000,,,1380650
1181000,LSU,TENN,RB,Corren Norman,,0,0,0,3000,,,1181000
1381750,MSST,ARK,WR,Jarnorris Hopson,,0,0,0,3000,,,1381750
1381992,OSU,MSU,WR,Corban Cleveland,,0,0,0,3000,,,1381992
1272982,UF,MIZZ,RB,Eddie Battle,,0,0,0,3000,,,1272982
1285940,UF,MIZZ,RB,Carlson Joseph,,0,0,0,3000,,,1285940
1382751,ASU,UW,RB,Bryce Douglass,,0,0,0,3000,,,1382751
1164951,WISC,NW,QB,Graham Mertz,14.33,3,0,0,5100,,,1164951
1066941,TCU,KU,WR,Carter Ware,,0,0,0,3000,,,1066941
1218906,NW,WISC,WR,Marshall Lang,2.05,0,0,0,3000,,,1218906
1180076,IU,MICH,WR,McCall Ray,,0,0,0,3000,,,1180076
1381310,OU,UT,WR,Kaden Helms,0.57,0,0,0,3000,,,1381310
1401627,WISC,NW,WR,Tommy McIntosh,,0,0,0,3000,,,1401627
1228729,TTU,OKST,WR,Loic Fouonji,6.92,1,0,0,3500,,,1228729
1229818,TCU,KU,QB,Luke Pardee,,0,0,0,4500,,,1229818
1395973,MISS,VAND,WR,Mac Owen,,0,0,0,3000,,,1395973
1395863,ARK,MSST,WR,Isaiah Sategna,,0,0,0,3000,,,1395863
1381343,ARK,MSST,WR,Hunter Talley,,0,0,0,3000,,,1381343
1381354,ARK,MSST,WR,Quincey McAdoo,,0,0,0,3000,,,1381354
1395995,UGA,AUB,WR,Luke Bennett,,0,0,0,3000,,,1395995
1066996,MIZZ,UF,WR,Barrett Banister,6.69,0,0,0,3500,,,1066996
1120852,IU,MICH,RB,Shaun Shivers,12.46,2,0,0,5700,,,1120852
1164533,MICH,IU,WR,Erick All,,0,0,0,4700,,,1164533
1286512,TENN,LSU,WR,Walker Merrill,2.5,0,0,0,3000,,,1286512
1076335,TENN,LSU,WR,Grant Frerking,0.67,0,0,0,3000,,,1076335
1381266,LSU,TENN,WR,Landon Ibieta,,0,0,0,3000,,,1381266
1054203,AUB,UGA,WR,John Samuel Shenker,5.28,0,0,0,3100,,,1054203
1121975,PUR,UMD,WR,Broc Thompson,,0,0,0,5300,,,1121975
1293069,KU,TCU,WR,Majik Rector,,0,0,0,3000,,,1293069
1286425,OKST,TTU,WR,Blaine Green,,0,0,0,3000,,,1286425
1381168,UTAH,UCLA,RB,Alfredo Lira,,0,0,0,3000,,,1381168
1230402,PUR,UMD,WR,Collin Sullivan,0.76,0,0,0,3000,,,1230402
1121887,UF,MIZZ,WR,Justin Shorter,12.03,2,0,0,4000,,,1121887
1287778,NW,WISC,RB,Anthony Tyus III,1.19,0,0,0,3000,,,1287778
1230424,PUR,UMD,WR,Ben Buechel,,0,0,0,3000,,,1230424
1395127,UMD,PUR,WR,Joshua Jennings,,0,0,0,3000,,,1395127
1399978,MSST,ARK,RB,Brinston Williams,,0,0,0,3000,,,1399978
1232888,TENN,LSU,RB,Len'Neth Whitehead,,0,0,0,3000,,,1232888
1398669,OSU,MSU,RB,TC Caffey,,0,0,0,3000,,,1398669
1124604,MSST,ARK,WR,Brad Cumbest,,0,0,0,3000,,,1124604
1377736,MIZZ,UF,WR,Mekhi Miller,0.57,0,0,0,3000,,,1377736
1378836,IU,MICH,WR,Cam Camper,14.44,9,0,0,5200,,,1378836
1121348,TCU,KU,WR,Curtis Raymond III,,0,0,0,3000,,,1121348
1222999,TCU,KU,RB,Corey Wren,2.99,0,0,0,3000,,,1222999
1124626,TCU,KU,WR,Geor'Quarius Spivey,3.17,0,0,0,3000,,,1124626
1378858,IU,MICH,WR,Ryan Miller,,0,0,0,3000,,,1378858
1290550,IU,MICH,RB,Trent Howland,0.9,0,0,0,3000,,,1290550
1181650,MICH,IU,RB,Danny Hughes,,0,0,0,3000,,,1181650
1213704,UTAH,UCLA,WR,Taniela Pututau,,0,0,0,3000,,,1213704
1389638,TTU,OKST,WR,Zack McCown,,0,0,0,3000,,,1389638
1333868,UT,OU,QB,Quinn Ewers,21.42,3,0,0,6500,,,1333868
1244207,MSU,OSU,RB,Jalen Berger,11.34,2,0,0,5900,,,1244207
1410835,IU,MICH,RB,Declan McMahon,,0,0,0,3000,,,1410835
1213726,UW,ASU,WR,Jalen McMillan,18.7,10,0,0,6200,,,1213726
1410846,KU,TCU,RB,Tylan Alejos,,0,0,0,3000,,,1410846
1400924,MSU,OSU,WR,Antonio Gates,,0,0,0,3000,,,1400924
1213869,TCU,KU,WR,Blake Nowell,1.35,0,0,0,3500,,,1213869
1222339,LSU,TENN,WR,Charlie Drost,,0,0,0,3000,,,1222339
1400814,UTAH,UCLA,WR,Chris Reed,,0,0,0,3000,,,1400814
1071595,OSU,MSU,WR,Mitch Rossi,0.76,0,0,0,3000,,,1071595
1290132,MISS,VAND,WR,Joshua Pfeifer,,0,0,0,3000,,,1290132
1381982,UT,OU,WR,Gus Asel,,0,0,0,3000,,,1381982
1060496,NW,WISC,WR,Donny Navarro III,8.83,0,0,0,4200,,,1060496
1381630,TTU,OKST,WR,Jake Bishop,,0,0,0,3000,,,1381630
1381751,MSST,ARK,WR,Andrew Berquist,,0,0,0,3000,,,1381751
1325618,OKST,TTU,RB,Jaden Nixon,1.36,0,0,0,4500,,,1325618
1381300,OU,UT,WR,Jayden Gibson,3.53,0,0,0,3000,,,1381300
1382752,ASU,UW,WR,Bryce Pierre,,0,0,0,3000,,,1382752
1401738,PUR,UMD,WR,Trey Firestone,,0,0,0,3000,,,1401738
1401628,WISC,NW,WR,Cam Fane,,0,0,0,3000,,,1401628
1381201,UTAH,UCLA,WR,Braxton Wehrli,,0,0,0,3000,,,1381201
1401639,WISC,NW,RB,Zach Gloudeman,,0,0,0,3000,,,1401639
1290088,LSU,TENN,WR,LJ Gilyot,,0,0,0,3000,,,1290088
1396942,UGA,AUB,WR,Dillon Bell,3.71,0,0,0,3500,,,1396942
1287811,PUR,UMD,WR,Preston Terrell,0.76,0,0,0,3000,,,1287811
1381355,ARK,MSST,WR,Dax Courtney,,0,0,0,3000,,,1381355
1395996,UGA,AUB,WR,Grant Briscoe,,0,0,0,3000,,,1395996
1285897,ARK,MSST,WR,Jaedon Wilson,4.56,0,0,0,3000,,,1285897
1164897,PUR,UMD,WR,Paul Piferi,1.47,0,0,0,3200,,,1164897
1286513,TENN,LSU,RB,Jaylen Wright,10.47,1,0,0,4900,,,1286513
1382356,ASU,UW,QB,Oliver Towns,,0,0,0,4500,,,1382356
1286887,IU,MICH,WR,Andison Coby,3.85,0,0,0,3000,,,1286887
1173026,NW,WISC,WR,Genson Hooper Price,,0,0,0,3000,,,1173026
1286426,OKST,TTU,WR,Bryson Green,9.16,3,0,0,3500,,,1286426
1110855,UT,OU,WR,Gabe Sulser,0.67,0,0,0,3000,,,1110855
1286437,UT,OU,WR,Juan Davis,0.63,0,0,0,3000,,,1286437
1252568,KU,TCU,WR,Douglas Emilien,3.48,0,0,0,3200,,,1252568
1395348,UF,MIZZ,WR,Thai Chiaokhiao-Bowman,0.55,0,0,0,3000,,,1395348
1377825,OKST,TTU,WR,Tabry Shettron,,0,0,0,3000,,,1377825
1222835,MISS,VAND,WR,Jordan Watkins,10.47,4,0,0,3500,,,1222835
1231668,MSST,ARK,WR,Scoobie Ford,,0,0,0,3000,,,1231668
1379904,UW,ASU,WR,Denzel Boston,0.82,0,0,0,3000,,,1379904
1378815,UMD,PUR,QB,John Griffith,,0,0,0,4500,,,1378815
1379915,UW,ASU,WR,Ryan Otton,,0,0,0,3000,,,1379915
1134659,ASU,UW,WR,Elijah Parker,,0,0,0,3000,,,1134659
1378848,MICH,IU,RB,Henry Donohue,,0,0,0,3000,,,1378848
1310758,NW,WISC,WR,Lawson Albright,,0,0,0,3000,,,1310758
1213727,UW,ASU,WR,Rome Odunze,18.11,7,0,0,7200,,,1213727
1125639,OKST,TTU,WR,Braden Cassity,2.02,0,0,0,3300,,,1125639
1116817,TCU,KU,RB,Emari Demercado,8.59,7,0,0,3000,,,1116817
1181695,MICH,IU,QB,Andy Maddox,,0,0,0,4500,,,1181695
1213749,KU,TCU,WR,Jordan Medley,,0,0,0,3000,,,1213749
1161730,LSU,TENN,RB,John Emery Jr.,7.62,0,0,0,4800,,,1161730
1400815,UTAH,UCLA,WR,Sidney Mbanasor,,0,0,0,3000,,,1400815
1380630,VAND,MISS,RB,Maurice Edwards,,0,0,0,3000,,,1380630
974087,MSST,ARK,WR,Austin Williams,5.05,0,0,0,4300,,,974087
1174732,OU,UT,RB,Todd Hudson,,0,0,0,3000,,,1174732
1066811,PUR,UMD,QB,Aidan O'Connell,19.81,8,0,0,6000,,,1066811
1382753,ASU,UW,WR,Justin Roehl,,0,0,0,3000,,,1382753
1164953,WISC,NW,WR,Jordan DiBenedetto,,0,0,0,3000,,,1164953
1181288,MSU,OSU,QB,Payton Thorne,16.07,2,0,0,5900,,,1181288
1162544,KU,TCU,RB,Torry Locklin,2.29,0,0,0,3000,,,1162544
1270597,MISS,VAND,WR,DJ Ruff,,0,0,0,3000,,,1270597
1401629,WISC,NW,WR,Vinny Anthony,0.5,0,0,0,3000,,,1401629
1383985,WISC,NW,QB,Myles Burkett,,0,0,0,4500,,,1383985
1176954,UT,OU,WR,Nathan Hatter,,0,0,0,3000,,,1176954
1287801,PUR,UMD,WR,Hayden Parise,,0,0,0,3000,,,1287801
1395865,ARK,MSST,WR,Sam Mbake,,0,0,0,3000,,,1395865
1173225,NW,WISC,WR,Preston Bacon,,0,0,0,3000,,,1173225
1186777,ASU,UW,WR,Andre Johnson,5.1,0,0,0,5700,,,1186777
1073169,MSU,OSU,WR,Powers Warren,,0,0,0,3000,,,1073169
1381125,UGA,AUB,WR,Collin Lark,,0,0,0,3000,,,1381125
1164535,MSU,OSU,WR,Tre Mosley,6.88,0,0,0,4500,,,1164535
1394798,UF,MIZZ,WR,Caleb Douglas,,0,0,0,3000,,,1394798
1285898,ARK,MSST,RB,Javion Hunt,,0,0,0,3000,,,1285898
1164788,UTAH,UCLA,WR,Devaughn Vele,13.5,0,0,0,7400,,,1164788
1381268,LSU,TENN,WR,Noah Nash,,0,0,0,3000,,,1381268
1176778,MISS,VAND,WR,Casey Kelly,3.63,0,0,0,3000,,,1176778
1293059,KU,TCU,WR,Mason Brotherton,,0,0,0,3000,,,1293059
1140248,MIZZ,UF,RB,Cody Schrader,7.03,1,0,0,4200,,,1140248
1240447,MIZZ,UF,RB,Michael Cox,1.09,0,0,0,3000,,,1240447
1299858,MIZZ,UF,WR,Logan Muckey,,0,0,0,3000,,,1299858
1231735,MSST,ARK,WR,Lideatrick Griffin,7.33,0,0,0,4100,,,1231735
1240458,OU,UT,WR,Major Melson,,0,0,0,3000,,,1240458
1395217,OKST,TTU,WR,Braylin Presley,1.36,0,0,0,3000,,,1395217
1286438,UT,OU,WR,Gunnar Helm,1.86,1,0,0,3000,,,1286438
1165229,VAND,MISS,RB,Ray Davis,16.95,5,0,0,6900,,,1165229
1384129,MISS,VAND,WR,Drew Burnett,,0,0,0,3000,,,1384129
1110306,TTU,OKST,QB,Tyler Shough,,0,0,0,6000,,,1110306
1231559,MISS,VAND,WR,Malik Heath,10.42,6,0,0,5800,,,1231559
1378838,IU,MICH,RB,Jaylin Lucas,1.03,0,0,0,3000,,,1378838
1389629,TTU,OKST,WR,Tyler King,,0,0,0,3000,,,1389629
1290552,IU,MICH,WR,Aaron Steinfeldt,0.63,0,0,0,3000,,,1290552
1213827,OKST,TTU,WR,CJ Tate,0.71,0,0,0,3000,,,1213827
1213717,UW,ASU,RB,Sam Adams II,,0,0,0,3000,,,1213717
1213838,TCU,KU,WR,Christian MacDonald,,0,0,0,3000,,,1213838
1235618,UTAH,UCLA,QB,Bryson Barnes,0.74,2,0,0,4500,,,1235618
1400904,MSU,OSU,WR,Tyrell Henry,0.58,0,0,0,3000,,,1400904
1410848,KU,TCU,WR,Griffin Koch,,0,0,0,3000,,,1410848
1181685,OKST,TTU,WR,Jake Schultz,2.67,0,0,0,3000,,,1181685
1180365,PUR,UMD,WR,Camdyn Childers,,0,0,0,3000,,,1180365
1380620,AUB,UGA,QB,Holden Geriner,,0,0,0,4500,,,1380620
1182664,UGA,AUB,WR,Nathan Priestley,,0,0,0,3000,,,1182664
1321209,TTU,OKST,WR,Cole Kirkpatrick,,0,0,0,3000,,,1321209
1172753,ASU,UW,QB,Trenton Bourguet,,0,0,0,4500,,,1172753
1394810,UF,MIZZ,WR,Alex Gonzalez,,0,0,0,3000,,,1394810
1381632,TTU,OKST,WR,Cole Ramsey,,0,0,0,3000,,,1381632
1381995,UW,ASU,QB,Teddy Purcell,,0,0,0,4500,,,1381995
1394832,IU,MICH,WR,Kamryn Perry,,0,0,0,3000,,,1394832
1382754,ASU,UW,WR,Coben Bourguet,,0,0,0,3000,,,1382754
1174755,OU,UT,WR,Damon Smith,,0,0,0,3000,,,1174755
1181289,MSU,OSU,WR,Adam Berghorst,,0,0,0,3000,,,1181289
1060289,UTAH,UCLA,WR,Sire Woods,,0,0,0,3000,,,1060289
1395954,UGA,AUB,RB,Branson Robinson,2.29,0,0,0,3000,,,1395954
1172346,UMD,PUR,QB,Eric Najarian,,0,0,0,4500,,,1172346
1395965,MISS,VAND,WR,Kyirin Heath,,0,0,0,3000,,,1395965
1287824,OSU,MSU,WR,Jayden Ballard,3.53,0,0,0,4300,,,1287824
1395998,UGA,AUB,WR,Brooks Bortle,,0,0,0,3000,,,1395998
1386934,OU,UT,WR,Luke Creeger,,0,0,0,3000,,,1386934
1251414,AUB,UGA,WR,Trent Mason,,0,0,0,3000,,,1251414
1162116,UW,ASU,RB,Cameron Davis,6.27,0,0,0,4800,,,1162116
1232901,TENN,LSU,WR,Jack Jancek,0.67,0,0,0,3000,,,1232901
1381137,UGA,AUB,QB,Gunner Stockton,,0,0,0,4500,,,1381137
1162127,UW,ASU,QB,Dylan Morris,,0,0,0,5900,,,1162127
1286417,OKST,TTU,WR,John Paul Richardson,10.14,3,0,0,3700,,,1286417
1231736,MSST,ARK,WR,Rufus Harvey,9.91,0,0,0,6200,,,1231736
1231648,MSST,ARK,WR,Trip Wilson,,0,0,0,3000,,,1231648
1094830,MSU,OSU,WR,Tyler Hunt,3.97,0,0,0,3200,,,1094830
1377739,MIZZ,UF,WR,Max Whisner,,0,0,0,3000,,,1377739
977730,PUR,UMD,QB,Austin Burton,,0,0,0,5500,,,977730
1290542,IU,MICH,WR,Donaven McCulley,3.18,0,0,0,3000,,,1290542
1290784,IU,MICH,RB,David Holloman,,0,0,0,3000,,,1290784
976773,OU,UT,RB,Bentavious Thompson,,0,0,0,3500,,,976773
1213828,OKST,TTU,WR,Quinton Stewart,0.72,0,0,0,3000,,,1213828
1213949,IU,MICH,QB,Dexter Williams II,,0,0,0,4500,,,1213949
1173920,UGA,AUB,WR,Drew Sheehan,,0,0,0,3000,,,1173920
1400905,MSU,OSU,WR,Jaron Glover,0.58,0,0,0,3000,,,1400905
1410838,IU,MICH,WR,Brady Simmons,,0,0,0,3000,,,1410838
1172985,LSU,TENN,WR,Jack Mashburn,0.67,0,0,0,3000,,,1172985
1381974,UTAH,UCLA,QB,Luke Bottari,,0,0,0,4500,,,1381974
1395900,ARK,MSST,WR,Kalil Girault,,0,0,0,3000,,,1395900
1285933,AUB,UGA,WR,Landen King,0.45,0,0,0,3000,,,1285933
1164933,LSU,TENN,RB,Noah Cain,7.42,0,0,0,3900,,,1164933
1161798,OU,UT,RB,Eric Gray,16.18,4,0,0,7400,,,1161798
1381303,OU,UT,RB,Jovantae Barnes,6.78,0,0,0,4400,,,1381303
1176945,UT,OU,WR,Parker Alford,,0,0,0,3000,,,1176945
1395966,MISS,VAND,QB,Braden Waterman,,0,0,0,4500,,,1395966
1286835,UTAH,UCLA,WR,Landon Morris,,0,0,0,3000,,,1286835
1384735,UCLA,UTAH,QB,Justyn Martin,,0,0,0,4500,,,1384735
1381105,UGA,AUB,WR,Oscar Delp,0.68,0,0,0,3000,,,1381105
1395867,ARK,MSST,QB,Rykar Acebo,,0,0,0,4500,,,1395867
1287825,OSU,MSU,WR,Emeka Egbuka,24.92,43,0,0,6700,,,1287825
1395999,UGA,AUB,WR,Parker Jones,,0,0,0,3000,,,1395999
1162106,AUB,UGA,WR,Tyler Fromm,0.45,0,0,0,3000,,,1162106
1173238,NW,WISC,RB,Marcus Cisco,,0,0,0,3000,,,1173238
1381127,UGA,AUB,WR,De'Nylon Morrissette,0.67,0,0,0,3000,,,1381127
1162117,UW,ASU,WR,Taj Davis,1.51,0,0,0,3200,,,1162117
1172039,UGA,AUB,WR,Dominick Blaylock,3.77,0,0,0,3200,,,1172039
1286406,OKST,TTU,QB,Gunnar Gundy,,0,0,0,6000,,,1286406
1399916,TENN,LSU,RB,Hunter Barnes,,0,0,0,3000,,,1399916
1286418,UW,ASU,WR,Brennan Holmes,0.82,0,0,0,3000,,,1286418
1231737,MSST,ARK,WR,Bo Brooks,,0,0,0,3000,,,1231737
1395219,OKST,TTU,WR,Stephon Johnson Jr.,1.06,0,0,0,3000,,,1395219
1242517,TTU,OKST,WR,Drew Hocutt,,0,0,0,3000,,,1242517
1377817,OKST,TTU,WR,Xavier Dandridge,,0,0,0,3000,,,1377817
1181632,MICH,IU,RB,Leon Franklin,1.01,0,0,0,3000,,,1181632
1290543,IU,MICH,WR,Jaquez Smith,,0,0,0,3000,,,1290543
1180433,PUR,UMD,WR,TJ Sheffield,9.7,0,0,0,4600,,,1180433
1235719,UTAH,UCLA,WR,Money Parks,6.7,0,0,0,3400,,,1235719
1323708,MISS,VAND,WR,Michael Trigg,7.35,1,0,0,3500,,,1323708
1181302,MSU,OSU,WR,Cade McDonald,,0,0,0,3000,,,1181302
1400818,UTAH,UCLA,QB,Nate Johnson,,0,0,0,4500,,,1400818
1161865,MIZZ,UF,RB,Nathaniel Peat,14.11,9,0,0,5000,,,1161865
1162602,OU,UT,WR,Theo Wease,8.02,0,0,0,6000,,,1162602
1180279,WISC,NW,WR,Clay Cundiff,,0,0,0,3000,,,1180279
1394812,UF,MIZZ,WR,Hayden Hansen,,0,0,0,3000,,,1394812
1285912,UGA,AUB,QB,Brock Vandagriff,,0,0,0,4500,,,1285912
1174735,OU,UT,RB,Marcus Major,4.53,0,0,0,6200,,,1174735
1052305,UTAH,UCLA,WR,Jaylen Dixon,5.07,0,0,0,4700,,,1052305
1381315,OU,UT,WR,Jason Llewellyn,,0,0,0,3000,,,1381315
1176825,TENN,LSU,WR,Michael Bittner,0.67,0,0,0,3000,,,1176825
1052316,ASU,UW,WR,Bryan Thompson,4.68,0,0,0,4900,,,1052316
1381205,UTAH,UCLA,WR,Collin Edwards,,0,0,0,3200,,,1381205
1395967,MISS,VAND,QB,Davin Wydner,,0,0,0,4500,,,1395967
1396946,ASU,UW,WR,Jack Cole,,0,0,0,3000,,,1396946
1381337,ARK,MSST,RB,Rashod Dubinion,4.75,0,0,0,3200,,,1381337
1395978,MISS,VAND,WR,Landon Thomason,,0,0,0,3000,,,1395978
1231902,TCU,KU,WR,Chase Curtis,,0,0,0,3000,,,1231902
1395989,MISS,VAND,WR,Larry Simmons,,0,0,0,3000,,,1395989
1161128,MIZZ,UF,WR,Tauskie Dove,5.53,0,0,0,3400,,,1161128
1384626,UCLA,UTAH,WR,Carsen Ryan,0.6,0,0,0,3000,,,1384626
1287826,OSU,MSU,QB,Kyle McCord,,0,0,0,7000,,,1287826
1172029,ARK,MSST,WR,Hudson Henry,,0,0,0,3000,,,1172029
1287837,OSU,MSU,RB,TreVeyon Henderson,20.93,7,0,0,8200,,,1287837
1377818,OKST,TTU,WR,Rashad Dixon,,0,0,0,3000,,,1377818
1182722,PUR,UMD,RB,Zac Tuinei,,0,0,0,3000,,,1182722
1214809,MSST,ARK,QB,Chance Lovertich,,0,0,0,4500,,,1214809
1180357,PUR,UMD,WR,Kyle Bilodeau,,0,0,0,3000,,,1180357
1290104,ARK,MSST,WR,Nathan Johnson,,0,0,0,3000,,,1290104
1181699,OKST,TTU,RB,Andre Washington,,0,0,0,3000,,,1181699
1400819,UTAH,UCLA,WR,Jett Meine,,0,0,0,3000,,,1400819
1162603,ARK,MSST,WR,Jadon Haselwood,10.53,0,0,0,6600,,,1162603
1290137,MISS,VAND,WR,Calvin Wilson,,0,0,0,3000,,,1290137
1381745,MSST,ARK,QB,Braedyn Locke,,0,0,0,4500,,,1381745
1381305,OU,UT,WR,Nic Anderson,,0,0,0,3000,,,1381305
1176936,KU,TCU,WR,Mason Fairchild,2.7,0,0,0,3600,,,1176936
1120924,KU,TCU,WR,Kevin Terry,1.34,0,0,0,3000,,,1120924
1381558,UTAH,UCLA,WR,Noah Bennee,,0,0,0,3000,,,1381558
1176947,UT,OU,QB,Ben Ballard,,0,0,0,4500,,,1176947
1287915,TTU,OKST,WR,Brady Boyd,3.11,0,0,0,3000,,,1287915
1381206,TENN,LSU,RB,Justin Williams-Thomas,2.24,0,0,0,3000,,,1381206
1395968,MISS,VAND,WR,Trace Campbell,,0,0,0,3000,,,1395968
1176958,UT,OU,WR,Brayden Liebrock,,0,0,0,3000,,,1176958
1161228,LSU,TENN,QB,Jayden Daniels,27.13,8,0,0,7300,,,1161228
1381338,ARK,MSST,WR,Ty Washington,,0,0,0,3000,,,1381338
1164528,MICH,IU,QB,Cade McNamara,,0,0,0,5000,,,1164528
1286518,TENN,LSU,WR,Miles Campbell,,0,0,0,3000,,,1286518
1286408,TCU,KU,WR,Quincy Brown,0.61,0,0,0,3000,,,1286408
1320916,TCU,KU,WR,Stayton Ankrom,,0,0,0,3000,,,1320916
1378809,MICH,IU,QB,Jayden Denegal,,0,0,0,4500,,,1378809
1191787,AUB,UGA,QB,Trey Lindsey,,0,0,0,4500,,,1191787
976644,LSU,TENN,QB,Myles Brennan,,0,0,0,4500,,,976644
1390843,MIZZ,UF,RB,Tavorus Jones,0.83,0,0,0,3000,,,1390843
1181656,UW,ASU,WR,Giles Jackson,8.82,1,0,0,3400,,,1181656
1062845,ASU,UW,RB,Xazavian Valladay,16.42,3,0,0,6700,,,1062845
1380613,MSU,OSU,WR,Germie Bernard,2.14,0,0,0,3500,,,1380613
1172746,UT,OU,WR,Isaiah Neyor,,0,0,0,3000,,,1172746
1172757,ASU,UW,WR,Josh Hart,,0,0,0,3000,,,1172757
1394803,UF,MIZZ,RB,Trevor Etienne,9.34,2,0,0,4000,,,1394803
1395903,ARK,MSST,WR,Kamron Bibby,,0,0,0,3000,,,1395903
1394825,IU,MICH,WR,Omar Cooper Jr.,,0,0,0,3000,,,1394825
1161416,UF,MIZZ,WR,Ricky Pearsall,8.53,0,0,0,4700,,,1161416
1285947,UF,MIZZ,WR,Daejon Reynolds,0.55,0,0,0,3200,,,1285947
1160349,UMD,PUR,QB,Taulia Tagovailoa,23.16,8,0,0,6700,,,1160349
1381306,OU,UT,QB,Nick Evers,,0,0,0,4500,,,1381306
1120925,TTU,OKST,RB,SaRodorick Thompson,9.19,0,0,0,5000,,,1120925
1176948,UT,OU,WR,Patrick Bayouth,,0,0,0,3000,,,1176948
1174649,UF,MIZZ,WR,Ja'Markis Weston,,0,0,0,3000,,,1174649
1287828,OSU,MSU,WR,Marvin Harrison Jr.,21.83,21,0,0,7400,,,1287828
1162109,AUB,UGA,WR,Luke Deal,0.84,0,0,0,3000,,,1162109
1122609,NW,WISC,WR,Charlie Mangieri,0.53,0,0,0,3000,,,1122609
1181635,OKST,TTU,WR,Langston Anderson,1.36,0,0,0,3000,,,1181635
1290546,IU,MICH,WR,Malachi Holt-Bennett,6.2,2,0,0,3000,,,1290546
1180359,PUR,UMD,RB,Will Chapman,,0,0,0,3000,,,1180359
1380614,VAND,MISS,QB,AJ Swann,13.97,1,0,0,5800,,,1380614
1062527,OKST,TTU,WR,Braydon Johnson,18.15,13,0,0,5600,,,1062527
1285904,ARK,MSST,WR,Chris Harris,,0,0,0,3000,,,1285904
1285915,UGA,AUB,WR,Jackson Meeks,0.67,0,0,0,3000,,,1285915
1381989,UTAH,UCLA,WR,Masaki Kudo,,0,0,0,3000,,,1381989
1394837,IU,MICH,QB,Brendan Sorsby,,0,0,0,4500,,,1394837
1161109,MISS,VAND,QB,Kinkead Dent,,0,0,0,4500,,,1161109
1120849,MSU,OSU,RB,Harold Joiner,1.8,0,0,0,3000,,,1120849
1287829,OSU,MSU,RB,Evan Pryor,,0,0,0,3000,,,1287829
1121828,MSU,OSU,RB,Jarek Broussard,4.9,0,0,0,4500,,,1121828
1110718,TENN,LSU,RB,Lyn-J Dixon,,0,0,0,3000,,,1110718